instance,set,ng,mode,cost,paths,time_s,timestamp
A-n54-k7-149,spprclib,8,mono,-16865.000,1,0.142,2026-04-20T14:31:40Z
A-n60-k9-57,spprclib,8,mono,-4946.000,1,0.129,2026-04-20T14:31:40Z
A-n61-k9-80,spprclib,8,mono,-31439.000,1,0.089,2026-04-20T14:31:40Z
A-n62-k8-99,spprclib,8,mono,-40044.000,1,0.105,2026-04-20T14:31:40Z
A-n63-k10-44,spprclib,8,mono,-32561.000,1,0.070,2026-04-20T14:31:40Z
A-n63-k9-157,spprclib,8,mono,-26580.000,1,0.101,2026-04-20T14:31:40Z
A-n64-k9-45,spprclib,8,mono,-95391.000,1,0.060,2026-04-20T14:31:40Z
A-n65-k9-10,spprclib,8,mono,-44002.000,1,0.068,2026-04-20T14:31:40Z
A-n69-k9-42,spprclib,8,mono,-53483.000,1,0.072,2026-04-20T14:31:40Z
A-n80-k10-14,spprclib,8,mono,-131683.000,1,0.110,2026-04-20T14:31:40Z
B-n45-k6-54,spprclib,8,mono,-78279.000,1,0.116,2026-04-20T14:31:40Z
B-n50-k8-40,spprclib,8,mono,-12832.000,1,0.163,2026-04-20T14:31:40Z
B-n52-k7-15,spprclib,8,mono,-95331.000,1,0.042,2026-04-20T14:31:40Z
B-n57-k7-20,spprclib,8,mono,-1740314.000,1,0.067,2026-04-20T14:31:40Z
B-n66-k9-50,spprclib,8,mono,-29686.000,1,0.140,2026-04-20T14:31:40Z
B-n67-k10-26,spprclib,8,mono,-21924.000,1,0.113,2026-04-20T14:31:40Z
B-n68-k9-65,spprclib,8,mono,-54960.000,1,0.105,2026-04-20T14:31:40Z
B-n78-k10-70,spprclib,8,mono,-61777.000,1,0.104,2026-04-20T14:31:40Z
E-n101-k14-158,spprclib,8,mono,-3590.000,1,0.223,2026-04-20T14:31:40Z
E-n101-k8-291,spprclib,8,mono,-4266.000,1,0.518,2026-04-20T14:31:40Z
E-n76-k10-72,spprclib,8,mono,-26912.000,1,0.161,2026-04-20T14:31:40Z
E-n76-k14-102,spprclib,8,mono,-2328.000,1,0.074,2026-04-20T14:31:40Z
E-n76-k15-40,spprclib,8,mono,-2000.000,1,0.067,2026-04-20T14:31:40Z
E-n76-k7-44,spprclib,8,mono,-23458.000,1,0.202,2026-04-20T14:31:40Z
G-n262-k25-316,spprclib,8,mono,-16587365.000,1,6.777,2026-04-20T14:31:40Z
M-n101-k10-97,spprclib,8,mono,-72756.000,1,0.107,2026-04-20T14:31:40Z
M-n121-k7-260,spprclib,8,mono,-595522.000,1,0.382,2026-04-20T14:31:40Z
M-n151-k12-15,spprclib,8,mono,-303013.000,1,0.347,2026-04-20T14:31:40Z
M-n200-k16-143,spprclib,8,mono,-315556.000,1,1.608,2026-04-20T14:31:40Z
M-n200-k17-12,spprclib,8,mono,-307711.000,1,0.638,2026-04-20T14:31:40Z
P-n101-k4-174,spprclib,8,mono,-20508.000,1,1.070,2026-04-20T14:31:40Z
P-n50-k10-24,spprclib,8,mono,-3190.000,1,0.021,2026-04-20T14:31:40Z
P-n50-k7-92,spprclib,8,mono,-2413.000,1,0.045,2026-04-20T14:31:40Z
P-n50-k8-19,spprclib,8,mono,-86268.000,1,0.074,2026-04-20T14:31:40Z
P-n51-k10-30,spprclib,8,mono,-97.000,1,0.026,2026-04-20T14:31:40Z
P-n55-k10-44,spprclib,8,mono,-1151.000,1,0.036,2026-04-20T14:31:40Z
P-n55-k15-88,spprclib,8,mono,-5741.000,1,0.020,2026-04-20T14:31:40Z
P-n55-k7-116,spprclib,8,mono,-19023.000,1,0.061,2026-04-20T14:31:40Z
P-n55-k8-260,spprclib,8,mono,-3573.000,1,0.061,2026-04-20T14:31:40Z
P-n60-k10-24,spprclib,8,mono,-15001.000,1,0.057,2026-04-20T14:31:40Z
P-n60-k15-8,spprclib,8,mono,-1871.000,1,0.018,2026-04-20T14:31:40Z
P-n65-k10-102,spprclib,8,mono,-2988.000,1,0.059,2026-04-20T14:31:40Z
P-n70-k10-12,spprclib,8,mono,-70317.000,1,0.053,2026-04-20T14:31:40Z
P-n76-k4-41,spprclib,8,mono,-194319.000,1,0.162,2026-04-20T14:31:40Z
P-n76-k5-16,spprclib,8,mono,-155171.000,1,0.130,2026-04-20T14:31:40Z
E-n101-k14_a,roberti,8,mono,-6.163,1,0.222,2026-04-20T14:31:40Z
E-n101-k14_b,roberti,8,mono,-3.022,1,0.255,2026-04-20T14:31:40Z
E-n101-k8_a,roberti,8,mono,-23.244,1,0.407,2026-04-20T14:31:40Z
E-n101-k8_b,roberti,8,mono,-17.794,1,0.242,2026-04-20T14:31:40Z
E-n76-k10_a,roberti,8,mono,-3.363,1,0.150,2026-04-20T14:31:40Z
E-n76-k10_b,roberti,8,mono,-8.138,1,0.107,2026-04-20T14:31:40Z
E-n76-k14_a,roberti,8,mono,-3.635,1,0.076,2026-04-20T14:31:40Z
E-n76-k14_b,roberti,8,mono,-3.399,1,0.077,2026-04-20T14:31:40Z
E-n76-k7_a,roberti,8,mono,-9.628,1,0.289,2026-04-20T14:31:40Z
E-n76-k7_b,roberti,8,mono,-5.792,1,0.196,2026-04-20T14:31:40Z
E-n76-k8_a,roberti,8,mono,-7.041,1,0.173,2026-04-20T14:31:40Z
E-n76-k8_b,roberti,8,mono,-19.209,1,0.090,2026-04-20T14:31:40Z
F-n135-k7_a,roberti,8,mono,-13.487,1,6.722,2026-04-20T14:31:40Z
F-n45-k4_a,roberti,8,mono,-14.329,1,0.131,2026-04-20T14:31:40Z
F-n72-k4_a,roberti,8,mono,0.000,0,10.284,2026-04-20T14:31:40Z
M-n121-k7_a,roberti,8,mono,-52.685,1,3.241,2026-04-20T14:31:40Z
M-n121-k7_b,roberti,8,mono,-8.532,1,6.252,2026-04-20T14:31:40Z
M-n151-k12_a,roberti,8,mono,-8.503,1,1.198,2026-04-20T14:31:40Z
M-n151-k12_b,roberti,8,mono,-3.509,1,1.200,2026-04-20T14:31:40Z
M-n200-k16_a,roberti,8,mono,-4.393,1,3.408,2026-04-20T14:31:40Z
M-n200-k16_b,roberti,8,mono,-1.638,1,3.238,2026-04-20T14:31:40Z
M-n200-k17_a,roberti,8,mono,-5.176,1,2.310,2026-04-20T14:31:40Z
M-n200-k17_b,roberti,8,mono,-2.101,1,2.647,2026-04-20T14:31:40Z
P-n101-k4_a,roberti,8,mono,-7.474,1,0.875,2026-04-20T14:31:40Z
P-n101-k4_b,roberti,8,mono,-12.777,1,0.278,2026-04-20T14:31:40Z
P-n70-k10_a,roberti,8,mono,-3.328,1,0.084,2026-04-20T14:31:40Z
P-n70-k10_b,roberti,8,mono,-2.635,1,0.077,2026-04-20T14:31:40Z
P-n76-k4_a,roberti,8,mono,-2.540,1,0.391,2026-04-20T14:31:40Z
P-n76-k4_b,roberti,8,mono,-13.164,1,0.137,2026-04-20T14:31:40Z
P-n76-k5_a,roberti,8,mono,-4.316,1,0.305,2026-04-20T14:31:40Z
P-n76-k5_b,roberti,8,mono,-13.640,1,0.142,2026-04-20T14:31:40Z
C101,ng8,8,mono,-0.000,1,0.017,2026-04-20T14:32:44Z
C102,ng8,8,mono,-0.000,1,0.134,2026-04-20T14:32:44Z
C103,ng8,8,mono,-0.000,1,0.294,2026-04-20T14:32:44Z
C104,ng8,8,mono,-0.000,1,0.585,2026-04-20T14:32:44Z
C105,ng8,8,mono,-0.000,1,0.034,2026-04-20T14:32:44Z
C106,ng8,8,mono,0.000,0,0.043,2026-04-20T14:32:44Z
C107,ng8,8,mono,0.000,0,0.054,2026-04-20T14:32:44Z
C108,ng8,8,mono,-0.000,1,0.087,2026-04-20T14:32:44Z
C109,ng8,8,mono,-0.000,1,0.151,2026-04-20T14:32:44Z
C201,ng8,8,mono,0.000,0,0.141,2026-04-20T14:32:44Z
C202,ng8,8,mono,0.000,0,3.042,2026-04-20T14:32:44Z
C203,ng8,8,mono,0.000,0,6.911,2026-04-20T14:32:44Z
C204,ng8,8,mono,-0.000,1,15.974,2026-04-20T14:32:44Z
C205,ng8,8,mono,0.000,0,0.405,2026-04-20T14:32:44Z
C206,ng8,8,mono,0.000,0,0.745,2026-04-20T14:32:44Z
C207,ng8,8,mono,0.000,0,1.167,2026-04-20T14:32:44Z
C208,ng8,8,mono,-0.000,1,1.083,2026-04-20T14:32:44Z
R101,ng8,8,mono,0.000,0,0.008,2026-04-20T14:32:44Z
R102,ng8,8,mono,0.000,0,0.056,2026-04-20T14:32:44Z
R103,ng8,8,mono,0.000,0,0.137,2026-04-20T14:32:44Z
R104,ng8,8,mono,-0.000,1,0.518,2026-04-20T14:32:44Z
R105,ng8,8,mono,-0.000,1,0.026,2026-04-20T14:32:44Z
R106,ng8,8,mono,0.000,0,0.097,2026-04-20T14:32:44Z
R107,ng8,8,mono,-0.000,1,0.267,2026-04-20T14:32:44Z
R108,ng8,8,mono,0.000,0,0.691,2026-04-20T14:32:44Z
R109,ng8,8,mono,-0.000,1,0.078,2026-04-20T14:32:44Z
R110,ng8,8,mono,-0.000,1,0.225,2026-04-20T14:32:44Z
R111,ng8,8,mono,-0.000,1,0.240,2026-04-20T14:32:44Z
R112,ng8,8,mono,-0.000,1,0.550,2026-04-20T14:32:44Z
R201,ng8,8,mono,0.000,0,0.436,2026-04-20T14:32:44Z
R202,ng8,8,mono,-0.000,1,2.890,2026-04-20T14:32:44Z
R203,ng8,8,mono,-0.000,1,6.649,2026-04-20T14:32:44Z
R204,ng8,8,mono,-0.000,1,15.729,2026-04-20T14:32:44Z
R205,ng8,8,mono,-0.000,1,1.434,2026-04-20T14:32:44Z
R206,ng8,8,mono,-0.000,1,4.178,2026-04-20T14:32:44Z
R207,ng8,8,mono,-0.000,1,9.327,2026-04-20T14:32:44Z
R208,ng8,8,mono,-0.000,1,19.134,2026-04-20T14:32:44Z
R209,ng8,8,mono,-0.000,1,3.556,2026-04-20T14:32:44Z
R210,ng8,8,mono,-0.000,1,3.470,2026-04-20T14:32:44Z
R211,ng8,8,mono,-0.000,1,7.538,2026-04-20T14:32:44Z
RC101,ng8,8,mono,-0.000,1,0.016,2026-04-20T14:32:44Z
RC102,ng8,8,mono,-0.000,1,0.064,2026-04-20T14:32:44Z
RC103,ng8,8,mono,-0.000,1,0.190,2026-04-20T14:32:44Z
RC104,ng8,8,mono,0.000,0,0.749,2026-04-20T14:32:44Z
RC105,ng8,8,mono,0.000,0,0.045,2026-04-20T14:32:44Z
RC106,ng8,8,mono,-0.000,1,0.064,2026-04-20T14:32:44Z
RC107,ng8,8,mono,-0.000,1,0.220,2026-04-20T14:32:44Z
RC108,ng8,8,mono,-0.000,1,0.462,2026-04-20T14:32:44Z
RC201,ng8,8,mono,0.000,0,0.387,2026-04-20T14:32:44Z
RC202,ng8,8,mono,-0.000,1,2.545,2026-04-20T14:32:44Z
RC203,ng8,8,mono,-0.000,1,8.493,2026-04-20T14:32:44Z
RC204,ng8,8,mono,-0.000,1,19.458,2026-04-20T14:32:44Z
RC205,ng8,8,mono,-0.000,1,1.286,2026-04-20T14:32:44Z
RC206,ng8,8,mono,-0.000,1,1.268,2026-04-20T14:32:44Z
RC207,ng8,8,mono,-0.000,1,2.907,2026-04-20T14:32:44Z
RC208,ng8,8,mono,-0.000,1,9.926,2026-04-20T14:32:44Z
A-n54-k7-149,spprclib,16,mono,-12492.000,1,3.067,2026-04-20T14:35:31Z
A-n60-k9-57,spprclib,16,mono,-4946.000,1,2.273,2026-04-20T14:35:31Z
A-n61-k9-80,spprclib,16,mono,-23923.000,1,0.840,2026-04-20T14:35:31Z
A-n62-k8-99,spprclib,16,mono,-35969.000,1,2.070,2026-04-20T14:35:31Z
A-n63-k10-44,spprclib,16,mono,-32561.000,1,0.573,2026-04-20T14:35:31Z
A-n63-k9-157,spprclib,16,mono,-24189.000,1,0.879,2026-04-20T14:35:31Z
A-n64-k9-45,spprclib,16,mono,-62798.000,1,0.360,2026-04-20T14:35:31Z
A-n65-k9-10,spprclib,16,mono,-44002.000,1,1.156,2026-04-20T14:35:31Z
A-n69-k9-42,spprclib,16,mono,-43290.000,1,0.883,2026-04-20T14:35:31Z
A-n80-k10-14,spprclib,16,mono,-110765.000,1,0.533,2026-04-20T14:35:31Z
B-n45-k6-54,spprclib,16,mono,-74771.000,1,1.850,2026-04-20T14:35:31Z
B-n50-k8-40,spprclib,16,mono,-12832.000,1,4.529,2026-04-20T14:35:31Z
B-n52-k7-15,spprclib,16,mono,-94664.000,1,0.427,2026-04-20T14:35:31Z
B-n57-k7-20,spprclib,16,mono,-1740314.000,1,0.118,2026-04-20T14:35:31Z
B-n66-k9-50,spprclib,16,mono,-27709.000,1,9.222,2026-04-20T14:35:31Z
B-n67-k10-26,spprclib,16,mono,-21924.000,1,1.652,2026-04-20T14:35:31Z
B-n68-k9-65,spprclib,16,mono,-36998.000,1,5.055,2026-04-20T14:35:31Z
B-n78-k10-70,spprclib,16,mono,-52444.000,1,3.106,2026-04-20T14:35:31Z
E-n101-k14-158,spprclib,16,mono,-3590.000,1,2.530,2026-04-20T14:35:31Z
E-n101-k8-291,spprclib,16,mono,-4266.000,1,2.201,2026-04-20T14:35:31Z
E-n76-k10-72,spprclib,16,mono,-25241.000,1,1.730,2026-04-20T14:35:31Z
E-n76-k14-102,spprclib,16,mono,-1.000,1,0.778,2026-04-20T14:35:31Z
E-n76-k15-40,spprclib,16,mono,-1.000,1,0.634,2026-04-20T14:35:31Z
E-n76-k7-44,spprclib,16,mono,-23458.000,1,2.265,2026-04-20T14:35:31Z
G-n262-k25-316,spprclib,16,mono,-16587365.000,1,7.723,2026-04-20T14:35:31Z
M-n101-k10-97,spprclib,16,mono,-49453.000,1,0.519,2026-04-20T14:35:31Z
M-n121-k7-260,spprclib,16,mono,-388360.000,1,3.436,2026-04-20T14:35:31Z
M-n151-k12-15,spprclib,16,mono,-102676.000,1,2.060,2026-04-20T14:35:31Z
M-n200-k16-143,spprclib,16,mono,-228450.000,1,3.304,2026-04-20T14:35:31Z
M-n200-k17-12,spprclib,16,mono,-220859.000,1,1.411,2026-04-20T14:35:31Z
P-n101-k4-174,spprclib,16,mono,-19847.000,1,22.222,2026-04-20T14:35:31Z
P-n50-k10-24,spprclib,16,mono,-2965.000,1,0.164,2026-04-20T14:35:31Z
P-n50-k7-92,spprclib,16,mono,-2.000,1,0.535,2026-04-20T14:35:31Z
P-n50-k8-19,spprclib,16,mono,-86268.000,1,0.237,2026-04-20T14:35:31Z
P-n51-k10-30,spprclib,16,mono,-2.000,1,0.216,2026-04-20T14:35:31Z
P-n55-k10-44,spprclib,16,mono,-1090.000,1,0.305,2026-04-20T14:35:31Z
P-n55-k15-88,spprclib,16,mono,-2.000,1,0.074,2026-04-20T14:35:31Z
P-n55-k7-116,spprclib,16,mono,-17824.000,1,0.838,2026-04-20T14:35:31Z
P-n55-k8-260,spprclib,16,mono,-3573.000,1,0.679,2026-04-20T14:35:31Z
P-n60-k10-24,spprclib,16,mono,-15001.000,1,0.629,2026-04-20T14:35:31Z
P-n60-k15-8,spprclib,16,mono,-534.000,1,0.093,2026-04-20T14:35:31Z
P-n65-k10-102,spprclib,16,mono,-3.000,1,0.567,2026-04-20T14:35:31Z
P-n70-k10-12,spprclib,16,mono,-70317.000,1,0.159,2026-04-20T14:35:31Z
P-n76-k4-41,spprclib,16,mono,-95688.000,1,3.057,2026-04-20T14:35:31Z
P-n76-k5-16,spprclib,16,mono,-113807.000,1,0.870,2026-04-20T14:35:31Z
E-n101-k14_a,roberti,16,mono,-6.163,1,2.677,2026-04-20T14:35:31Z
E-n101-k14_b,roberti,16,mono,-0.913,1,3.086,2026-04-20T14:35:31Z
E-n101-k8_a,roberti,16,mono,-20.713,1,5.187,2026-04-20T14:35:31Z
E-n101-k8_b,roberti,16,mono,-17.794,1,2.591,2026-04-20T14:35:31Z
E-n76-k10_a,roberti,16,mono,-3.363,1,2.485,2026-04-20T14:35:31Z
E-n76-k10_b,roberti,16,mono,-8.138,1,1.464,2026-04-20T14:35:31Z
E-n76-k14_a,roberti,16,mono,-3.635,1,0.737,2026-04-20T14:35:31Z
E-n76-k14_b,roberti,16,mono,-0.829,1,0.829,2026-04-20T14:35:31Z
E-n76-k7_a,roberti,16,mono,-7.012,1,4.433,2026-04-20T14:35:31Z
E-n76-k7_b,roberti,16,mono,-5.792,1,2.944,2026-04-20T14:35:31Z
E-n76-k8_a,roberti,16,mono,-6.277,1,2.854,2026-04-20T14:35:31Z
E-n76-k8_b,roberti,16,mono,-19.209,1,0.820,2026-04-20T14:35:31Z
F-n135-k7_a,roberti,16,mono,,,,2026-04-20T14:35:31Z
F-n45-k4_a,roberti,16,mono,-14.329,1,0.852,2026-04-20T14:35:31Z
F-n72-k4_a,roberti,16,mono,0.000,0,38.346,2026-04-20T14:35:31Z
M-n121-k7_a,roberti,16,mono,,,,2026-04-20T14:35:31Z
M-n121-k7_b,roberti,16,mono,,,,2026-04-20T14:35:31Z
M-n151-k12_a,roberti,16,mono,-5.982,1,19.017,2026-04-20T14:35:31Z
M-n151-k12_b,roberti,16,mono,-3.509,1,18.749,2026-04-20T14:35:31Z
M-n200-k16_a,roberti,16,mono,-4.122,1,65.626,2026-04-20T14:35:31Z
M-n200-k16_b,roberti,16,mono,-1.638,1,57.474,2026-04-20T14:35:31Z
M-n200-k17_a,roberti,16,mono,-5.176,1,31.707,2026-04-20T14:35:31Z
M-n200-k17_b,roberti,16,mono,-2.101,1,41.344,2026-04-20T14:35:31Z
P-n101-k4_a,roberti,16,mono,-6.601,1,17.432,2026-04-20T14:35:31Z
P-n101-k4_b,roberti,16,mono,-12.777,1,2.231,2026-04-20T14:35:31Z
P-n70-k10_a,roberti,16,mono,-3.328,1,1.014,2026-04-20T14:35:31Z
P-n70-k10_b,roberti,16,mono,-1.707,1,0.964,2026-04-20T14:35:31Z
P-n76-k4_a,roberti,16,mono,-2.540,1,7.637,2026-04-20T14:35:31Z
P-n76-k4_b,roberti,16,mono,-13.164,1,1.374,2026-04-20T14:35:31Z
P-n76-k5_a,roberti,16,mono,-3.499,1,5.760,2026-04-20T14:35:31Z
P-n76-k5_b,roberti,16,mono,-13.640,1,1.506,2026-04-20T14:35:31Z
C101,ng16,16,mono,0.000,0,0.018,2026-04-20T14:48:59Z
C102,ng16,16,mono,-0.000,1,0.134,2026-04-20T14:48:59Z
C103,ng16,16,mono,-0.000,1,0.304,2026-04-20T14:48:59Z
C104,ng16,16,mono,0.000,0,0.969,2026-04-20T14:48:59Z
C105,ng16,16,mono,0.000,0,0.035,2026-04-20T14:48:59Z
C106,ng16,16,mono,0.000,0,0.044,2026-04-20T14:48:59Z
C107,ng16,16,mono,0.000,0,0.056,2026-04-20T14:48:59Z
C108,ng16,16,mono,-0.000,1,0.092,2026-04-20T14:48:59Z
C109,ng16,16,mono,-0.000,1,0.149,2026-04-20T14:48:59Z
C201,ng16,16,mono,0.000,0,0.142,2026-04-20T14:48:59Z
C202,ng16,16,mono,0.000,0,2.976,2026-04-20T14:48:59Z
C203,ng16,16,mono,0.000,0,10.836,2026-04-20T14:48:59Z
C204,ng16,16,mono,-0.000,1,24.407,2026-04-20T14:48:59Z
C205,ng16,16,mono,0.000,0,0.394,2026-04-20T14:48:59Z
C206,ng16,16,mono,0.000,0,0.745,2026-04-20T14:48:59Z
C207,ng16,16,mono,-0.000,1,1.157,2026-04-20T14:48:59Z
C208,ng16,16,mono,-0.000,1,1.023,2026-04-20T14:48:59Z
R101,ng16,16,mono,0.000,0,0.008,2026-04-20T14:48:59Z
R102,ng16,16,mono,0.000,0,0.053,2026-04-20T14:48:59Z
R103,ng16,16,mono,0.000,0,0.149,2026-04-20T14:48:59Z
R104,ng16,16,mono,-0.000,1,0.768,2026-04-20T14:48:59Z
R105,ng16,16,mono,-0.000,1,0.025,2026-04-20T14:48:59Z
R106,ng16,16,mono,-0.000,1,0.106,2026-04-20T14:48:59Z
R107,ng16,16,mono,-0.000,1,0.267,2026-04-20T14:48:59Z
R108,ng16,16,mono,-0.000,1,0.741,2026-04-20T14:48:59Z
R109,ng16,16,mono,-0.000,1,0.078,2026-04-20T14:48:59Z
R110,ng16,16,mono,-0.000,1,0.218,2026-04-20T14:48:59Z
R111,ng16,16,mono,-0.000,1,0.261,2026-04-20T14:48:59Z
R112,ng16,16,mono,-0.000,1,0.617,2026-04-20T14:48:59Z
R201,ng16,16,mono,0.000,0,0.427,2026-04-20T14:48:59Z
R202,ng16,16,mono,-0.000,1,3.042,2026-04-20T14:48:59Z
R203,ng16,16,mono,-0.000,1,7.492,2026-04-20T14:48:59Z
R204,ng16,16,mono,-0.000,1,24.785,2026-04-20T14:48:59Z
R205,ng16,16,mono,-0.000,1,1.464,2026-04-20T14:48:59Z
R206,ng16,16,mono,-0.000,1,4.889,2026-04-20T14:48:59Z
R207,ng16,16,mono,-0.000,1,13.533,2026-04-20T14:48:59Z
R208,ng16,16,mono,-0.000,1,46.454,2026-04-20T14:48:59Z
R209,ng16,16,mono,-0.000,1,4.162,2026-04-20T14:48:59Z
R210,ng16,16,mono,-0.000,1,4.949,2026-04-20T14:48:59Z
R211,ng16,16,mono,-0.000,1,14.075,2026-04-20T14:48:59Z
RC101,ng16,16,mono,-0.000,1,0.017,2026-04-20T14:48:59Z
RC102,ng16,16,mono,-0.000,1,0.063,2026-04-20T14:48:59Z
RC103,ng16,16,mono,-0.000,1,0.204,2026-04-20T14:48:59Z
RC104,ng16,16,mono,-0.000,1,1.192,2026-04-20T14:48:59Z
RC105,ng16,16,mono,-0.000,1,0.043,2026-04-20T14:48:59Z
RC106,ng16,16,mono,-0.000,1,0.063,2026-04-20T14:48:59Z
RC107,ng16,16,mono,-0.000,1,0.213,2026-04-20T14:48:59Z
RC108,ng16,16,mono,-0.000,1,0.522,2026-04-20T14:48:59Z
RC201,ng16,16,mono,0.000,0,0.378,2026-04-20T14:48:59Z
RC202,ng16,16,mono,-0.000,1,2.555,2026-04-20T14:48:59Z
RC203,ng16,16,mono,-0.000,1,9.971,2026-04-20T14:48:59Z
RC204,ng16,16,mono,-0.000,1,36.321,2026-04-20T14:48:59Z
RC205,ng16,16,mono,-0.000,1,1.318,2026-04-20T14:48:59Z
RC206,ng16,16,mono,-0.000,1,1.353,2026-04-20T14:48:59Z
RC207,ng16,16,mono,-0.000,1,3.475,2026-04-20T14:48:59Z
RC208,ng16,16,mono,-0.000,1,51.294,2026-04-20T14:48:59Z
A-n54-k7-149,spprclib,24,mono,-12492.000,1,86.956,2026-04-20T14:53:52Z
A-n60-k9-57,spprclib,24,mono,-1000.000,1,47.533,2026-04-20T14:53:52Z
A-n61-k9-80,spprclib,24,mono,-23549.000,1,14.402,2026-04-20T14:53:52Z
A-n62-k8-99,spprclib,24,mono,-35969.000,1,90.221,2026-04-20T14:53:52Z
A-n63-k10-44,spprclib,24,mono,-32561.000,1,4.502,2026-04-20T14:53:52Z
A-n63-k9-157,spprclib,24,mono,-24189.000,1,4.099,2026-04-20T14:53:52Z
A-n64-k9-45,spprclib,24,mono,-60355.000,1,2.327,2026-04-20T14:53:52Z
A-n65-k9-10,spprclib,24,mono,-44002.000,1,13.408,2026-04-20T14:53:52Z
A-n69-k9-42,spprclib,24,mono,-43290.000,1,8.719,2026-04-20T14:53:52Z
A-n80-k10-14,spprclib,24,mono,-105283.000,1,3.614,2026-04-20T14:53:52Z
B-n45-k6-54,spprclib,24,mono,-74771.000,1,13.877,2026-04-20T14:53:52Z
B-n50-k8-40,spprclib,24,mono,-12832.000,1,89.452,2026-04-20T14:53:52Z
B-n52-k7-15,spprclib,24,mono,-74998.000,1,103.552,2026-04-20T14:53:52Z
B-n57-k7-20,spprclib,24,mono,-1740314.000,1,0.174,2026-04-20T14:53:52Z
B-n66-k9-50,spprclib,24,mono,-27709.000,1,77.770,2026-04-20T14:53:52Z
B-n67-k10-26,spprclib,24,mono,-21924.000,1,25.053,2026-04-20T14:53:52Z
B-n68-k9-65,spprclib,24,mono,,,,2026-04-20T14:53:52Z
B-n78-k10-70,spprclib,24,mono,,,,2026-04-20T14:53:52Z
E-n101-k14-158,spprclib,24,mono,-3590.000,1,33.069,2026-04-20T14:53:52Z
E-n101-k8-291,spprclib,24,mono,-4266.000,1,26.782,2026-04-20T14:53:52Z
E-n76-k10-72,spprclib,24,mono,-25241.000,1,23.608,2026-04-20T14:53:52Z
E-n76-k14-102,spprclib,24,mono,-1.000,1,7.130,2026-04-20T14:53:52Z
E-n76-k15-40,spprclib,24,mono,-1.000,1,5.279,2026-04-20T14:53:52Z
E-n76-k7-44,spprclib,24,mono,-22214.000,1,30.607,2026-04-20T14:53:52Z
G-n262-k25-316,spprclib,24,mono,-14414365.000,1,8.706,2026-04-20T14:53:52Z
M-n101-k10-97,spprclib,24,mono,-43824.000,1,3.632,2026-04-20T14:53:52Z
M-n121-k7-260,spprclib,24,mono,-210278.000,1,12.906,2026-04-20T14:53:52Z
M-n151-k12-15,spprclib,24,mono,-95352.000,1,8.314,2026-04-20T14:53:52Z
M-n200-k16-143,spprclib,24,mono,-208667.000,1,7.441,2026-04-20T14:53:52Z
M-n200-k17-12,spprclib,24,mono,-214696.000,1,1.772,2026-04-20T14:53:52Z
P-n101-k4-174,spprclib,24,mono,,,,2026-04-20T14:53:52Z
P-n50-k10-24,spprclib,24,mono,-2965.000,1,0.400,2026-04-20T14:53:52Z
P-n50-k7-92,spprclib,24,mono,-2.000,1,2.465,2026-04-20T14:53:52Z
P-n50-k8-19,spprclib,24,mono,-83307.000,1,1.369,2026-04-20T14:53:52Z
P-n51-k10-30,spprclib,24,mono,-2.000,1,1.282,2026-04-20T14:53:52Z
P-n55-k10-44,spprclib,24,mono,-1090.000,1,1.028,2026-04-20T14:53:52Z
P-n55-k15-88,spprclib,24,mono,-2.000,1,0.161,2026-04-20T14:53:52Z
P-n55-k7-116,spprclib,24,mono,-17824.000,1,7.994,2026-04-20T14:53:52Z
P-n55-k8-260,spprclib,24,mono,-3573.000,1,4.280,2026-04-20T14:53:52Z
P-n60-k10-24,spprclib,24,mono,-15001.000,1,8.068,2026-04-20T14:53:52Z
P-n60-k15-8,spprclib,24,mono,-534.000,1,0.330,2026-04-20T14:53:52Z
P-n65-k10-102,spprclib,24,mono,-3.000,1,3.837,2026-04-20T14:53:52Z
P-n70-k10-12,spprclib,24,mono,-70317.000,1,0.552,2026-04-20T14:53:52Z
P-n76-k4-41,spprclib,24,mono,-88276.000,1,15.707,2026-04-20T14:53:52Z
P-n76-k5-16,spprclib,24,mono,-110205.000,1,5.123,2026-04-20T14:53:52Z
E-n101-k14_a,roberti,24,mono,-5.859,1,46.433,2026-04-20T14:53:52Z
E-n101-k14_b,roberti,24,mono,-0.913,1,50.072,2026-04-20T14:53:52Z
E-n101-k8_a,roberti,24,mono,,,,2026-04-20T14:53:52Z
E-n101-k8_b,roberti,24,mono,-17.794,1,36.272,2026-04-20T14:53:52Z
E-n76-k10_a,roberti,24,mono,-3.363,1,44.088,2026-04-20T14:53:52Z
E-n76-k10_b,roberti,24,mono,-8.138,1,19.994,2026-04-20T14:53:52Z
E-n76-k14_a,roberti,24,mono,-3.635,1,7.318,2026-04-20T14:53:52Z
E-n76-k14_b,roberti,24,mono,-0.829,1,7.921,2026-04-20T14:53:52Z
E-n76-k7_a,roberti,24,mono,-5.030,1,105.458,2026-04-20T14:53:52Z
E-n76-k7_b,roberti,24,mono,-5.792,1,44.157,2026-04-20T14:53:52Z
E-n76-k8_a,roberti,24,mono,-6.277,1,54.084,2026-04-20T14:53:52Z
E-n76-k8_b,roberti,24,mono,-19.209,1,9.216,2026-04-20T14:53:52Z
F-n135-k7_a,roberti,24,mono,,,,2026-04-20T14:53:52Z
F-n45-k4_a,roberti,24,mono,-14.329,1,10.025,2026-04-20T14:53:52Z
F-n72-k4_a,roberti,24,mono,,,,2026-04-20T14:53:52Z
M-n121-k7_a,roberti,24,mono,,,,2026-04-20T14:53:52Z
M-n121-k7_b,roberti,24,mono,,,,2026-04-20T14:53:52Z
M-n151-k12_a,roberti,24,mono,,,,2026-04-20T14:53:52Z
M-n151-k12_b,roberti,24,mono,,,,2026-04-20T14:53:52Z
M-n200-k16_a,roberti,24,mono,,,,2026-04-20T14:53:52Z
M-n200-k16_b,roberti,24,mono,,,,2026-04-20T14:53:52Z
M-n200-k17_a,roberti,24,mono,,,,2026-04-20T14:53:52Z
M-n200-k17_b,roberti,24,mono,,,,2026-04-20T14:53:52Z
P-n101-k4_a,roberti,24,mono,,,,2026-04-20T14:53:52Z
P-n101-k4_b,roberti,24,mono,-12.777,1,33.046,2026-04-20T14:53:52Z
P-n70-k10_a,roberti,24,mono,-3.328,1,12.231,2026-04-20T14:53:52Z
P-n70-k10_b,roberti,24,mono,-1.707,1,11.890,2026-04-20T14:53:52Z
P-n76-k4_a,roberti,24,mono,,,,2026-04-20T14:53:52Z
P-n76-k4_b,roberti,24,mono,-13.164,1,26.606,2026-04-20T14:53:52Z
P-n76-k5_a,roberti,24,mono,,,,2026-04-20T14:53:52Z
P-n76-k5_b,roberti,24,mono,-13.640,1,25.427,2026-04-20T14:53:52Z
C101,ng24,24,mono,0.000,0,0.019,2026-04-20T15:50:38Z
C102,ng24,24,mono,0.000,0,0.130,2026-04-20T15:50:38Z
C103,ng24,24,mono,-0.000,1,0.360,2026-04-20T15:50:38Z
C104,ng24,24,mono,-0.000,1,0.748,2026-04-20T15:50:38Z
C105,ng24,24,mono,-0.000,1,0.037,2026-04-20T15:50:38Z
C106,ng24,24,mono,0.000,0,0.048,2026-04-20T15:50:38Z
C107,ng24,24,mono,-0.000,1,0.054,2026-04-20T15:50:38Z
C108,ng24,24,mono,-0.000,1,0.092,2026-04-20T15:50:38Z
C109,ng24,24,mono,0.000,0,0.158,2026-04-20T15:50:38Z
C201,ng24,24,mono,0.000,0,0.145,2026-04-20T15:50:38Z
C202,ng24,24,mono,-0.000,1,3.449,2026-04-20T15:50:38Z
C203,ng24,24,mono,-0.000,1,8.159,2026-04-20T15:50:38Z
C204,ng24,24,mono,,,,2026-04-20T15:50:38Z
C205,ng24,24,mono,-0.000,1,0.394,2026-04-20T15:50:38Z
C206,ng24,24,mono,0.000,0,0.772,2026-04-20T15:50:38Z
C207,ng24,24,mono,-0.000,1,1.067,2026-04-20T15:50:38Z
C208,ng24,24,mono,-0.000,1,1.133,2026-04-20T15:50:38Z
R101,ng24,24,mono,0.000,0,0.009,2026-04-20T15:50:38Z
R102,ng24,24,mono,0.000,0,0.057,2026-04-20T15:50:38Z
R103,ng24,24,mono,0.000,0,0.154,2026-04-20T15:50:38Z
R104,ng24,24,mono,-0.000,1,0.721,2026-04-20T15:50:38Z
R105,ng24,24,mono,-0.000,1,0.028,2026-04-20T15:50:38Z
R106,ng24,24,mono,0.000,0,0.102,2026-04-20T15:50:38Z
R107,ng24,24,mono,-0.000,1,0.259,2026-04-20T15:50:38Z
R108,ng24,24,mono,0.000,0,0.919,2026-04-20T15:50:38Z
R109,ng24,24,mono,-0.000,1,0.081,2026-04-20T15:50:38Z
R110,ng24,24,mono,-0.000,1,0.237,2026-04-20T15:50:38Z
R111,ng24,24,mono,-0.000,1,0.268,2026-04-20T15:50:38Z
R112,ng24,24,mono,-0.000,1,0.583,2026-04-20T15:50:38Z
R201,ng24,24,mono,-0.000,1,0.427,2026-04-20T15:50:38Z
R202,ng24,24,mono,-0.000,1,3.324,2026-04-20T15:50:38Z
R203,ng24,24,mono,-0.000,1,13.533,2026-04-20T15:50:38Z
R204,ng24,24,mono,-45.209,1,77.522,2026-04-20T15:50:38Z
R205,ng24,24,mono,-0.000,1,1.528,2026-04-20T15:50:38Z
R206,ng24,24,mono,-0.000,1,9.257,2026-04-20T15:50:38Z
R207,ng24,24,mono,-0.000,1,27.054,2026-04-20T15:50:38Z
R208,ng24,24,mono,,,,2026-04-20T15:50:38Z
R209,ng24,24,mono,-0.000,1,4.615,2026-04-20T15:50:38Z
R210,ng24,24,mono,-0.000,1,7.426,2026-04-20T15:50:38Z
R211,ng24,24,mono,-0.000,1,40.733,2026-04-20T15:50:38Z
RC101,ng24,24,mono,-0.000,1,0.018,2026-04-20T15:50:38Z
RC102,ng24,24,mono,-0.000,1,0.068,2026-04-20T15:50:38Z
RC103,ng24,24,mono,-0.000,1,0.190,2026-04-20T15:50:38Z
RC104,ng24,24,mono,-0.000,1,1.157,2026-04-20T15:50:38Z
RC105,ng24,24,mono,-0.000,1,0.044,2026-04-20T15:50:38Z
RC106,ng24,24,mono,-0.000,1,0.067,2026-04-20T15:50:38Z
RC107,ng24,24,mono,-0.000,1,0.208,2026-04-20T15:50:38Z
RC108,ng24,24,mono,-0.000,1,0.605,2026-04-20T15:50:38Z
RC201,ng24,24,mono,-0.000,1,0.404,2026-04-20T15:50:38Z
RC202,ng24,24,mono,-0.000,1,2.819,2026-04-20T15:50:38Z
RC203,ng24,24,mono,-0.000,1,9.267,2026-04-20T15:50:38Z
RC204,ng24,24,mono,-90.647,1,67.284,2026-04-20T15:50:38Z
RC205,ng24,24,mono,-0.000,1,1.329,2026-04-20T15:50:38Z
RC206,ng24,24,mono,0.000,0,1.355,2026-04-20T15:50:38Z
RC207,ng24,24,mono,-0.000,1,4.628,2026-04-20T15:50:38Z
RC208,ng24,24,mono,-0.000,1,116.247,2026-04-20T15:50:38Z
A-n54-k7-149,spprclib,8,bidir,-16865.000,1,0.085,2026-04-20T16:01:44Z
A-n60-k9-57,spprclib,8,bidir,-4946.000,1,0.083,2026-04-20T16:01:44Z
A-n61-k9-80,spprclib,8,bidir,-31439.000,1,0.076,2026-04-20T16:01:44Z
A-n62-k8-99,spprclib,8,bidir,-40044.000,1,0.113,2026-04-20T16:01:44Z
A-n63-k10-44,spprclib,8,bidir,-32561.000,1,0.063,2026-04-20T16:01:44Z
A-n63-k9-157,spprclib,8,bidir,-26580.000,1,0.075,2026-04-20T16:01:44Z
A-n64-k9-45,spprclib,8,bidir,-95391.000,1,0.102,2026-04-20T16:01:44Z
A-n65-k9-10,spprclib,8,bidir,-44002.000,1,0.065,2026-04-20T16:01:44Z
A-n69-k9-42,spprclib,8,bidir,-53483.000,1,0.079,2026-04-20T16:01:44Z
A-n80-k10-14,spprclib,8,bidir,-131683.000,1,0.468,2026-04-20T16:01:44Z
B-n45-k6-54,spprclib,8,bidir,-78279.000,1,0.237,2026-04-20T16:01:44Z
B-n50-k8-40,spprclib,8,bidir,-12832.000,1,0.111,2026-04-20T16:01:44Z
B-n52-k7-15,spprclib,8,bidir,-95331.000,1,0.160,2026-04-20T16:01:44Z
B-n57-k7-20,spprclib,8,bidir,-1740314.000,1,0.754,2026-04-20T16:01:44Z
B-n66-k9-50,spprclib,8,bidir,-29686.000,1,0.253,2026-04-20T16:01:44Z
B-n67-k10-26,spprclib,8,bidir,-21924.000,1,0.098,2026-04-20T16:01:44Z
B-n68-k9-65,spprclib,8,bidir,-54960.000,1,0.136,2026-04-20T16:01:44Z
B-n78-k10-70,spprclib,8,bidir,-61777.000,1,0.139,2026-04-20T16:01:44Z
E-n101-k14-158,spprclib,8,bidir,-3590.000,1,0.210,2026-04-20T16:01:44Z
E-n101-k8-291,spprclib,8,bidir,-4266.000,1,0.333,2026-04-20T16:01:44Z
E-n76-k10-72,spprclib,8,bidir,-26912.000,1,0.168,2026-04-20T16:01:44Z
E-n76-k14-102,spprclib,8,bidir,-2328.000,1,0.060,2026-04-20T16:01:44Z
E-n76-k15-40,spprclib,8,bidir,-2000.000,1,0.056,2026-04-20T16:01:44Z
E-n76-k7-44,spprclib,8,bidir,-23458.000,1,0.234,2026-04-20T16:01:44Z
G-n262-k25-316,spprclib,8,bidir,,,,2026-04-20T16:01:44Z
M-n101-k10-97,spprclib,8,bidir,-72756.000,1,0.199,2026-04-20T16:01:44Z
M-n121-k7-260,spprclib,8,bidir,-595522.000,1,9.177,2026-04-20T16:01:44Z
M-n151-k12-15,spprclib,8,bidir,-303013.000,1,5.268,2026-04-20T16:01:44Z
M-n200-k16-143,spprclib,8,bidir,-315556.000,1,9.832,2026-04-20T16:01:44Z
M-n200-k17-12,spprclib,8,bidir,-307711.000,1,8.663,2026-04-20T16:01:44Z
P-n101-k4-174,spprclib,8,bidir,-20508.000,1,1.968,2026-04-20T16:01:44Z
P-n50-k10-24,spprclib,8,bidir,-3190.000,1,0.019,2026-04-20T16:01:44Z
P-n50-k7-92,spprclib,8,bidir,-2413.000,1,0.033,2026-04-20T16:01:44Z
P-n50-k8-19,spprclib,8,bidir,-86268.000,1,0.146,2026-04-20T16:01:44Z
P-n51-k10-30,spprclib,8,bidir,-97.000,1,0.023,2026-04-20T16:01:44Z
P-n55-k10-44,spprclib,8,bidir,-1151.000,1,0.028,2026-04-20T16:01:44Z
P-n55-k15-88,spprclib,8,bidir,-5741.000,1,0.028,2026-04-20T16:01:44Z
P-n55-k7-116,spprclib,8,bidir,-19023.000,1,0.058,2026-04-20T16:01:44Z
P-n55-k8-260,spprclib,8,bidir,-3573.000,1,0.045,2026-04-20T16:01:44Z
P-n60-k10-24,spprclib,8,bidir,-15001.000,1,0.048,2026-04-20T16:01:44Z
P-n60-k15-8,spprclib,8,bidir,-1871.000,1,0.021,2026-04-20T16:01:44Z
P-n65-k10-102,spprclib,8,bidir,-2988.000,1,0.049,2026-04-20T16:01:44Z
P-n70-k10-12,spprclib,8,bidir,-70317.000,1,0.112,2026-04-20T16:01:44Z
P-n76-k4-41,spprclib,8,bidir,-194319.000,1,3.454,2026-04-20T16:01:44Z
P-n76-k5-16,spprclib,8,bidir,-155171.000,1,1.945,2026-04-20T16:01:44Z
E-n101-k14_a,roberti,8,bidir,-6.163,1,0.188,2026-04-20T16:01:44Z
E-n101-k14_b,roberti,8,bidir,-3.022,1,0.183,2026-04-20T16:01:44Z
E-n101-k8_a,roberti,8,bidir,-23.244,1,0.402,2026-04-20T16:01:44Z
E-n101-k8_b,roberti,8,bidir,-17.794,1,0.223,2026-04-20T16:01:44Z
E-n76-k10_a,roberti,8,bidir,-3.363,1,0.104,2026-04-20T16:01:44Z
E-n76-k10_b,roberti,8,bidir,-8.138,1,0.082,2026-04-20T16:01:44Z
E-n76-k14_a,roberti,8,bidir,-3.635,1,0.060,2026-04-20T16:01:44Z
E-n76-k14_b,roberti,8,bidir,-3.399,1,0.061,2026-04-20T16:01:44Z
E-n76-k7_a,roberti,8,bidir,-9.628,1,0.201,2026-04-20T16:01:44Z
E-n76-k7_b,roberti,8,bidir,-5.792,1,0.148,2026-04-20T16:01:44Z
E-n76-k8_a,roberti,8,bidir,-7.041,1,0.128,2026-04-20T16:01:44Z
E-n76-k8_b,roberti,8,bidir,-19.209,1,0.077,2026-04-20T16:01:44Z
F-n135-k7_a,roberti,8,bidir,-13.487,1,5.655,2026-04-20T16:01:44Z
F-n45-k4_a,roberti,8,bidir,-14.329,1,0.137,2026-04-20T16:01:44Z
F-n72-k4_a,roberti,8,bidir,0.000,0,13.082,2026-04-20T16:01:44Z
M-n121-k7_a,roberti,8,bidir,-52.685,1,3.076,2026-04-20T16:01:44Z
M-n121-k7_b,roberti,8,bidir,-8.532,1,3.279,2026-04-20T16:01:44Z
M-n151-k12_a,roberti,8,bidir,-8.503,1,0.991,2026-04-20T16:01:44Z
M-n151-k12_b,roberti,8,bidir,-3.509,1,0.901,2026-04-20T16:01:44Z
M-n200-k16_a,roberti,8,bidir,-4.393,1,2.622,2026-04-20T16:01:44Z
M-n200-k16_b,roberti,8,bidir,-1.638,1,2.365,2026-04-20T16:01:44Z
M-n200-k17_a,roberti,8,bidir,-5.176,1,1.949,2026-04-20T16:01:44Z
M-n200-k17_b,roberti,8,bidir,-2.101,1,2.006,2026-04-20T16:01:44Z
P-n101-k4_a,roberti,8,bidir,-7.474,1,0.737,2026-04-20T16:01:44Z
P-n101-k4_b,roberti,8,bidir,-12.777,1,0.349,2026-04-20T16:01:44Z
P-n70-k10_a,roberti,8,bidir,-3.328,1,0.063,2026-04-20T16:01:44Z
P-n70-k10_b,roberti,8,bidir,-2.635,1,0.058,2026-04-20T16:01:44Z
P-n76-k4_a,roberti,8,bidir,-2.540,1,0.282,2026-04-20T16:01:44Z
P-n76-k4_b,roberti,8,bidir,-13.164,1,0.155,2026-04-20T16:01:44Z
P-n76-k5_a,roberti,8,bidir,-4.316,1,0.226,2026-04-20T16:01:44Z
P-n76-k5_b,roberti,8,bidir,-13.640,1,0.130,2026-04-20T16:01:44Z
C101,ng8,8,bidir,-0.000,1,0.042,2026-04-20T16:05:16Z
C102,ng8,8,bidir,-0.000,1,0.279,2026-04-20T16:05:16Z
C103,ng8,8,bidir,-0.000,1,0.532,2026-04-20T16:05:16Z
C104,ng8,8,bidir,-0.000,1,1.000,2026-04-20T16:05:16Z
C105,ng8,8,bidir,-0.000,1,0.080,2026-04-20T16:05:16Z
C106,ng8,8,bidir,-0.000,1,0.095,2026-04-20T16:05:16Z
C107,ng8,8,bidir,0.000,0,0.120,2026-04-20T16:05:16Z
C108,ng8,8,bidir,-0.000,1,0.162,2026-04-20T16:05:16Z
C109,ng8,8,bidir,-0.000,1,0.288,2026-04-20T16:05:16Z
C201,ng8,8,bidir,0.000,0,0.301,2026-04-20T16:05:16Z
C202,ng8,8,bidir,0.000,0,8.555,2026-04-20T16:05:16Z
C203,ng8,8,bidir,0.000,0,23.465,2026-04-20T16:05:16Z
C204,ng8,8,bidir,-0.000,1,44.240,2026-04-20T16:05:16Z
C205,ng8,8,bidir,0.000,0,0.731,2026-04-20T16:05:16Z
C206,ng8,8,bidir,0.000,0,1.356,2026-04-20T16:05:16Z
C207,ng8,8,bidir,-0.000,1,2.290,2026-04-20T16:05:16Z
C208,ng8,8,bidir,-0.000,1,2.003,2026-04-20T16:05:16Z
R101,ng8,8,bidir,0.000,0,0.018,2026-04-20T16:05:16Z
R102,ng8,8,bidir,0.000,0,0.115,2026-04-20T16:05:16Z
R103,ng8,8,bidir,0.000,0,0.261,2026-04-20T16:05:16Z
R104,ng8,8,bidir,-0.000,1,0.904,2026-04-20T16:05:16Z
R105,ng8,8,bidir,-0.000,1,0.053,2026-04-20T16:05:16Z
R106,ng8,8,bidir,-0.000,1,0.202,2026-04-20T16:05:16Z
R107,ng8,8,bidir,-0.000,1,0.493,2026-04-20T16:05:16Z
R108,ng8,8,bidir,-0.000,1,1.141,2026-04-20T16:05:16Z
R109,ng8,8,bidir,-0.000,1,0.155,2026-04-20T16:05:16Z
R110,ng8,8,bidir,-0.000,1,0.390,2026-04-20T16:05:16Z
R111,ng8,8,bidir,-0.000,1,0.457,2026-04-20T16:05:16Z
R112,ng8,8,bidir,-0.000,1,0.955,2026-04-20T16:05:16Z
R201,ng8,8,bidir,0.000,0,0.840,2026-04-20T16:05:16Z
R202,ng8,8,bidir,-0.000,1,7.601,2026-04-20T16:05:16Z
R203,ng8,8,bidir,-0.000,1,23.151,2026-04-20T16:05:16Z
R204,ng8,8,bidir,-0.000,1,48.903,2026-04-20T16:05:16Z
R205,ng8,8,bidir,-0.000,1,2.881,2026-04-20T16:05:16Z
R206,ng8,8,bidir,-0.000,1,11.413,2026-04-20T16:05:16Z
R207,ng8,8,bidir,-0.000,1,27.840,2026-04-20T16:05:16Z
R208,ng8,8,bidir,-0.000,1,52.972,2026-04-20T16:05:16Z
R209,ng8,8,bidir,-0.000,1,8.143,2026-04-20T16:05:16Z
R210,ng8,8,bidir,-0.000,1,8.985,2026-04-20T16:05:16Z
R211,ng8,8,bidir,-0.000,1,18.681,2026-04-20T16:05:16Z
RC101,ng8,8,bidir,-0.000,1,0.035,2026-04-20T16:05:16Z
RC102,ng8,8,bidir,-0.000,1,0.123,2026-04-20T16:05:16Z
RC103,ng8,8,bidir,-0.000,1,0.371,2026-04-20T16:05:16Z
RC104,ng8,8,bidir,-0.000,1,1.146,2026-04-20T16:05:16Z
RC105,ng8,8,bidir,-0.000,1,0.103,2026-04-20T16:05:16Z
RC106,ng8,8,bidir,-0.000,1,0.110,2026-04-20T16:05:16Z
RC107,ng8,8,bidir,-0.000,1,0.396,2026-04-20T16:05:16Z
RC108,ng8,8,bidir,-0.000,1,0.783,2026-04-20T16:05:16Z
RC201,ng8,8,bidir,-0.000,1,0.767,2026-04-20T16:05:16Z
RC202,ng8,8,bidir,-0.000,1,6.113,2026-04-20T16:05:16Z
RC203,ng8,8,bidir,-0.000,1,23.314,2026-04-20T16:05:16Z
RC204,ng8,8,bidir,-0.000,1,59.863,2026-04-20T16:05:16Z
RC205,ng8,8,bidir,-0.000,1,2.602,2026-04-20T16:05:16Z
RC206,ng8,8,bidir,-0.000,1,2.575,2026-04-20T16:05:16Z
RC207,ng8,8,bidir,-0.000,1,6.642,2026-04-20T16:05:16Z
RC208,ng8,8,bidir,-0.000,1,22.974,2026-04-20T16:05:16Z
A-n54-k7-149,spprclib,16,bidir,-12492.000,1,0.681,2026-04-20T16:12:44Z
A-n60-k9-57,spprclib,16,bidir,-4946.000,1,0.526,2026-04-20T16:12:44Z
A-n61-k9-80,spprclib,16,bidir,-23923.000,1,0.451,2026-04-20T16:12:44Z
A-n62-k8-99,spprclib,16,bidir,-35969.000,1,1.110,2026-04-20T16:12:44Z
A-n63-k10-44,spprclib,16,bidir,-32561.000,1,0.275,2026-04-20T16:12:44Z
A-n63-k9-157,spprclib,16,bidir,-24189.000,1,0.317,2026-04-20T16:12:44Z
A-n64-k9-45,spprclib,16,bidir,-62798.000,1,0.336,2026-04-20T16:12:44Z
A-n65-k9-10,spprclib,16,bidir,-44002.000,1,0.387,2026-04-20T16:12:44Z
A-n69-k9-42,spprclib,16,bidir,-43290.000,1,0.348,2026-04-20T16:12:44Z
A-n80-k10-14,spprclib,16,bidir,-110765.000,1,1.958,2026-04-20T16:12:44Z
B-n45-k6-54,spprclib,16,bidir,-74771.000,1,1.142,2026-04-20T16:12:44Z
B-n50-k8-40,spprclib,16,bidir,-12832.000,1,1.398,2026-04-20T16:12:44Z
B-n52-k7-15,spprclib,16,bidir,-94664.000,1,0.485,2026-04-20T16:12:44Z
B-n57-k7-20,spprclib,16,bidir,-1740314.000,1,1.007,2026-04-20T16:12:44Z
B-n66-k9-50,spprclib,16,bidir,-27709.000,1,5.788,2026-04-20T16:12:44Z
B-n67-k10-26,spprclib,16,bidir,-21924.000,1,0.603,2026-04-20T16:12:44Z
B-n68-k9-65,spprclib,16,bidir,-36998.000,1,1.314,2026-04-20T16:12:44Z
B-n78-k10-70,spprclib,16,bidir,-52444.000,1,0.867,2026-04-20T16:12:44Z
E-n101-k14-158,spprclib,16,bidir,-3590.000,1,1.387,2026-04-20T16:12:44Z
E-n101-k8-291,spprclib,16,bidir,-4266.000,1,1.467,2026-04-20T16:12:44Z
E-n76-k10-72,spprclib,16,bidir,-25241.000,1,2.024,2026-04-20T16:12:44Z
E-n76-k14-102,spprclib,16,bidir,-1.000,1,0.451,2026-04-20T16:12:44Z
E-n76-k15-40,spprclib,16,bidir,-1.000,1,0.391,2026-04-20T16:12:44Z
E-n76-k7-44,spprclib,16,bidir,-23458.000,1,2.900,2026-04-20T16:12:44Z
G-n262-k25-316,spprclib,16,bidir,,,,2026-04-20T16:12:44Z
M-n101-k10-97,spprclib,16,bidir,-49453.000,1,0.668,2026-04-20T16:12:44Z
M-n121-k7-260,spprclib,16,bidir,-388360.000,1,109.319,2026-04-20T16:12:44Z
M-n151-k12-15,spprclib,16,bidir,-102676.000,1,30.442,2026-04-20T16:12:44Z
M-n200-k16-143,spprclib,16,bidir,-228450.000,1,22.215,2026-04-20T16:12:44Z
M-n200-k17-12,spprclib,16,bidir,-220859.000,1,28.869,2026-04-20T16:12:44Z
P-n101-k4-174,spprclib,16,bidir,-19847.000,1,19.277,2026-04-20T16:12:44Z
P-n50-k10-24,spprclib,16,bidir,-2965.000,1,0.053,2026-04-20T16:12:44Z
P-n50-k7-92,spprclib,16,bidir,-2.000,1,0.143,2026-04-20T16:12:44Z
P-n50-k8-19,spprclib,16,bidir,-86268.000,1,0.401,2026-04-20T16:12:44Z
P-n51-k10-30,spprclib,16,bidir,-2.000,1,0.080,2026-04-20T16:12:44Z
P-n55-k10-44,spprclib,16,bidir,-1090.000,1,0.106,2026-04-20T16:12:44Z
P-n55-k15-88,spprclib,16,bidir,-2.000,1,0.076,2026-04-20T16:12:44Z
P-n55-k7-116,spprclib,16,bidir,-17824.000,1,0.416,2026-04-20T16:12:44Z
P-n55-k8-260,spprclib,16,bidir,-3573.000,1,0.240,2026-04-20T16:12:44Z
P-n60-k10-24,spprclib,16,bidir,-15001.000,1,0.270,2026-04-20T16:12:44Z
P-n60-k15-8,spprclib,16,bidir,-534.000,1,0.056,2026-04-20T16:12:44Z
P-n65-k10-102,spprclib,16,bidir,-3.000,1,0.196,2026-04-20T16:12:44Z
P-n70-k10-12,spprclib,16,bidir,-70317.000,1,0.331,2026-04-20T16:12:44Z
P-n76-k4-41,spprclib,16,bidir,-95688.000,1,96.008,2026-04-20T16:12:44Z
P-n76-k5-16,spprclib,16,bidir,-113807.000,1,15.496,2026-04-20T16:12:44Z
E-n101-k14_a,roberti,16,bidir,-6.163,1,1.111,2026-04-20T16:12:44Z
E-n101-k14_b,roberti,16,bidir,-0.913,1,1.060,2026-04-20T16:12:44Z
E-n101-k8_a,roberti,16,bidir,-20.713,1,2.616,2026-04-20T16:12:44Z
E-n101-k8_b,roberti,16,bidir,-17.794,1,1.452,2026-04-20T16:12:44Z
E-n76-k10_a,roberti,16,bidir,-3.363,1,0.730,2026-04-20T16:12:44Z
E-n76-k10_b,roberti,16,bidir,-8.138,1,0.454,2026-04-20T16:12:44Z
E-n76-k14_a,roberti,16,bidir,-3.635,1,0.264,2026-04-20T16:12:44Z
E-n76-k14_b,roberti,16,bidir,-0.829,1,0.274,2026-04-20T16:12:44Z
E-n76-k7_a,roberti,16,bidir,-7.012,1,1.819,2026-04-20T16:12:44Z
E-n76-k7_b,roberti,16,bidir,-5.792,1,1.274,2026-04-20T16:12:44Z
E-n76-k8_a,roberti,16,bidir,-6.277,1,1.121,2026-04-20T16:12:44Z
E-n76-k8_b,roberti,16,bidir,-19.209,1,0.398,2026-04-20T16:12:44Z
F-n135-k7_a,roberti,16,bidir,,,,2026-04-20T16:12:44Z
F-n45-k4_a,roberti,16,bidir,-14.329,1,0.332,2026-04-20T16:12:44Z
F-n72-k4_a,roberti,16,bidir,0.000,0,26.770,2026-04-20T16:12:44Z
M-n121-k7_a,roberti,16,bidir,,,,2026-04-20T16:12:44Z
M-n121-k7_b,roberti,16,bidir,,,,2026-04-20T16:12:44Z
M-n151-k12_a,roberti,16,bidir,-5.982,1,8.970,2026-04-20T16:12:44Z
M-n151-k12_b,roberti,16,bidir,-3.509,1,8.740,2026-04-20T16:12:44Z
M-n200-k16_a,roberti,16,bidir,-4.122,1,29.554,2026-04-20T16:12:44Z
M-n200-k16_b,roberti,16,bidir,-1.638,1,23.493,2026-04-20T16:12:44Z
M-n200-k17_a,roberti,16,bidir,-5.176,1,18.125,2026-04-20T16:12:44Z
M-n200-k17_b,roberti,16,bidir,-2.101,1,18.890,2026-04-20T16:12:44Z
P-n101-k4_a,roberti,16,bidir,-6.601,1,9.300,2026-04-20T16:12:44Z
P-n101-k4_b,roberti,16,bidir,-12.777,1,3.245,2026-04-20T16:12:44Z
P-n70-k10_a,roberti,16,bidir,-3.328,1,0.344,2026-04-20T16:12:44Z
P-n70-k10_b,roberti,16,bidir,-1.707,1,0.295,2026-04-20T16:12:44Z
P-n76-k4_a,roberti,16,bidir,-2.540,1,3.709,2026-04-20T16:12:44Z
P-n76-k4_b,roberti,16,bidir,-13.164,1,1.248,2026-04-20T16:12:44Z
P-n76-k5_a,roberti,16,bidir,-3.499,1,2.659,2026-04-20T16:12:44Z
P-n76-k5_b,roberti,16,bidir,-13.640,1,0.958,2026-04-20T16:12:44Z
C101,ng16,16,bidir,0.000,0,0.050,2026-04-20T16:29:37Z
C102,ng16,16,bidir,-0.000,1,0.267,2026-04-20T16:29:37Z
C103,ng16,16,bidir,-0.000,1,0.542,2026-04-20T16:29:37Z
C104,ng16,16,bidir,-0.000,1,2.726,2026-04-20T16:29:37Z
C105,ng16,16,bidir,0.000,0,0.240,2026-04-20T16:29:37Z
C106,ng16,16,bidir,0.000,0,0.330,2026-04-20T16:29:37Z
C107,ng16,16,bidir,0.000,0,0.360,2026-04-20T16:29:37Z
C108,ng16,16,bidir,-0.000,1,0.341,2026-04-20T16:29:37Z
C109,ng16,16,bidir,-0.000,1,0.561,2026-04-20T16:29:37Z
C201,ng16,16,bidir,0.000,0,0.648,2026-04-20T16:29:37Z
C202,ng16,16,bidir,0.000,0,24.522,2026-04-20T16:29:37Z
C203,ng16,16,bidir,0.000,0,35.872,2026-04-20T16:29:37Z
C204,ng16,16,bidir,-0.000,1,66.480,2026-04-20T16:29:37Z
C205,ng16,16,bidir,0.000,0,0.756,2026-04-20T16:29:37Z
C206,ng16,16,bidir,0.000,0,1.376,2026-04-20T16:29:37Z
C207,ng16,16,bidir,-0.000,1,2.345,2026-04-20T16:29:37Z
C208,ng16,16,bidir,-0.000,1,2.015,2026-04-20T16:29:37Z
R101,ng16,16,bidir,0.000,0,0.021,2026-04-20T16:29:37Z
R102,ng16,16,bidir,0.000,0,0.121,2026-04-20T16:29:37Z
R103,ng16,16,bidir,0.000,0,0.282,2026-04-20T16:29:37Z
R104,ng16,16,bidir,-0.000,1,1.358,2026-04-20T16:29:37Z
R105,ng16,16,bidir,-0.000,1,0.052,2026-04-20T16:29:37Z
R106,ng16,16,bidir,-0.000,1,0.230,2026-04-20T16:29:37Z
R107,ng16,16,bidir,-0.000,1,0.520,2026-04-20T16:29:37Z
R108,ng16,16,bidir,-0.000,1,1.260,2026-04-20T16:29:37Z
R109,ng16,16,bidir,-0.000,1,0.156,2026-04-20T16:29:37Z
R110,ng16,16,bidir,-0.000,1,0.391,2026-04-20T16:29:37Z
R111,ng16,16,bidir,-0.000,1,0.535,2026-04-20T16:29:37Z
R112,ng16,16,bidir,-0.000,1,1.115,2026-04-20T16:29:37Z
R201,ng16,16,bidir,0.000,0,0.865,2026-04-20T16:29:37Z
R202,ng16,16,bidir,-0.000,1,7.876,2026-04-20T16:29:37Z
R203,ng16,16,bidir,-0.000,1,25.828,2026-04-20T16:29:37Z
R204,ng16,16,bidir,-0.000,1,78.621,2026-04-20T16:29:37Z
R205,ng16,16,bidir,-0.000,1,3.183,2026-04-20T16:29:37Z
R206,ng16,16,bidir,-0.000,1,14.787,2026-04-20T16:29:37Z
R207,ng16,16,bidir,-0.000,1,42.770,2026-04-20T16:29:37Z
R208,ng16,16,bidir,-0.000,1,102.751,2026-04-20T16:29:37Z
R209,ng16,16,bidir,-0.000,1,9.894,2026-04-20T16:29:37Z
R210,ng16,16,bidir,-0.000,1,12.676,2026-04-20T16:29:37Z
R211,ng16,16,bidir,-0.000,1,36.502,2026-04-20T16:29:37Z
RC101,ng16,16,bidir,-0.000,1,0.034,2026-04-20T16:29:37Z
RC102,ng16,16,bidir,-0.000,1,0.125,2026-04-20T16:29:37Z
RC103,ng16,16,bidir,-0.000,1,0.418,2026-04-20T16:29:37Z
RC104,ng16,16,bidir,-0.000,1,1.534,2026-04-20T16:29:37Z
RC105,ng16,16,bidir,-0.000,1,0.095,2026-04-20T16:29:37Z
RC106,ng16,16,bidir,-0.000,1,0.121,2026-04-20T16:29:37Z
RC107,ng16,16,bidir,-0.000,1,0.400,2026-04-20T16:29:37Z
RC108,ng16,16,bidir,-0.000,1,0.825,2026-04-20T16:29:37Z
RC201,ng16,16,bidir,0.000,0,0.737,2026-04-20T16:29:37Z
RC202,ng16,16,bidir,-0.000,1,6.135,2026-04-20T16:29:37Z
RC203,ng16,16,bidir,-0.000,1,28.791,2026-04-20T16:29:37Z
RC204,ng16,16,bidir,-0.000,1,97.553,2026-04-20T16:29:37Z
RC205,ng16,16,bidir,-0.000,1,2.772,2026-04-20T16:29:37Z
RC206,ng16,16,bidir,-0.000,1,2.862,2026-04-20T16:29:37Z
RC207,ng16,16,bidir,-0.000,1,10.040,2026-04-20T16:29:37Z
RC208,ng16,16,bidir,,,,2026-04-20T16:29:37Z
A-n54-k7-149,spprclib,24,bidir,-12492.000,1,5.143,2026-04-20T16:42:33Z
A-n60-k9-57,spprclib,24,bidir,-1000.000,1,3.309,2026-04-20T16:42:33Z
A-n61-k9-80,spprclib,24,bidir,-23549.000,1,2.666,2026-04-20T16:42:33Z
A-n62-k8-99,spprclib,24,bidir,-35969.000,1,22.010,2026-04-20T16:42:33Z
A-n63-k10-44,spprclib,24,bidir,-32561.000,1,1.202,2026-04-20T16:42:33Z
A-n63-k9-157,spprclib,24,bidir,-24189.000,1,1.096,2026-04-20T16:42:33Z
A-n64-k9-45,spprclib,24,bidir,-60355.000,1,1.224,2026-04-20T16:42:33Z
A-n65-k9-10,spprclib,24,bidir,-44002.000,1,2.013,2026-04-20T16:42:33Z
A-n69-k9-42,spprclib,24,bidir,-43290.000,1,1.492,2026-04-20T16:42:33Z
A-n80-k10-14,spprclib,24,bidir,-105283.000,1,7.854,2026-04-20T16:42:33Z
B-n45-k6-54,spprclib,24,bidir,-74771.000,1,4.261,2026-04-20T16:42:33Z
B-n50-k8-40,spprclib,24,bidir,-12832.000,1,14.169,2026-04-20T16:42:33Z
B-n52-k7-15,spprclib,24,bidir,-74998.000,1,8.661,2026-04-20T16:42:33Z
B-n57-k7-20,spprclib,24,bidir,-1740314.000,1,1.335,2026-04-20T16:42:33Z
B-n66-k9-50,spprclib,24,bidir,-27709.000,1,40.325,2026-04-20T16:42:33Z
B-n67-k10-26,spprclib,24,bidir,-21924.000,1,5.817,2026-04-20T16:42:33Z
B-n68-k9-65,spprclib,24,bidir,-31001.000,1,14.323,2026-04-20T16:42:33Z
B-n78-k10-70,spprclib,24,bidir,-45444.000,1,106.114,2026-04-20T16:42:33Z
E-n101-k14-158,spprclib,24,bidir,-3590.000,1,8.520,2026-04-20T16:42:33Z
E-n101-k8-291,spprclib,24,bidir,-4266.000,1,9.376,2026-04-20T16:42:33Z
E-n76-k10-72,spprclib,24,bidir,-25241.000,1,9.745,2026-04-20T16:42:33Z
E-n76-k14-102,spprclib,24,bidir,-1.000,1,0.994,2026-04-20T16:42:33Z
E-n76-k15-40,spprclib,24,bidir,-1.000,1,0.804,2026-04-20T16:42:33Z
E-n76-k7-44,spprclib,24,bidir,-22214.000,1,14.970,2026-04-20T16:42:33Z
G-n262-k25-316,spprclib,24,bidir,,,,2026-04-20T16:42:33Z
M-n101-k10-97,spprclib,24,bidir,-43824.000,1,3.283,2026-04-20T16:42:33Z
M-n121-k7-260,spprclib,24,bidir,,,,2026-04-20T16:42:33Z
M-n151-k12-15,spprclib,24,bidir,,,,2026-04-20T16:42:33Z
M-n200-k16-143,spprclib,24,bidir,-208667.000,1,52.079,2026-04-20T16:42:33Z
M-n200-k17-12,spprclib,24,bidir,-214696.000,1,35.148,2026-04-20T16:42:33Z
P-n101-k4-174,spprclib,24,bidir,,,,2026-04-20T16:42:33Z
P-n50-k10-24,spprclib,24,bidir,-2965.000,1,0.081,2026-04-20T16:42:33Z
P-n50-k7-92,spprclib,24,bidir,-2.000,1,0.286,2026-04-20T16:42:33Z
P-n50-k8-19,spprclib,24,bidir,-83307.000,1,1.355,2026-04-20T16:42:33Z
P-n51-k10-30,spprclib,24,bidir,-2.000,1,0.191,2026-04-20T16:42:33Z
P-n55-k10-44,spprclib,24,bidir,-1090.000,1,0.185,2026-04-20T16:42:33Z
P-n55-k15-88,spprclib,24,bidir,-2.000,1,0.165,2026-04-20T16:42:33Z
P-n55-k7-116,spprclib,24,bidir,-17824.000,1,1.402,2026-04-20T16:42:33Z
P-n55-k8-260,spprclib,24,bidir,-3573.000,1,0.619,2026-04-20T16:42:33Z
P-n60-k10-24,spprclib,24,bidir,-15001.000,1,1.051,2026-04-20T16:42:33Z
P-n60-k15-8,spprclib,24,bidir,-534.000,1,0.111,2026-04-20T16:42:33Z
P-n65-k10-102,spprclib,24,bidir,-3.000,1,0.597,2026-04-20T16:42:33Z
P-n70-k10-12,spprclib,24,bidir,-70317.000,1,1.121,2026-04-20T16:42:33Z
P-n76-k4-41,spprclib,24,bidir,,,,2026-04-20T16:42:33Z
P-n76-k5-16,spprclib,24,bidir,-110205.000,1,82.306,2026-04-20T16:42:33Z
E-n101-k14_a,roberti,24,bidir,-5.859,1,7.191,2026-04-20T16:42:33Z
E-n101-k14_b,roberti,24,bidir,-0.913,1,6.171,2026-04-20T16:42:33Z
E-n101-k8_a,roberti,24,bidir,-20.713,1,33.577,2026-04-20T16:42:33Z
E-n101-k8_b,roberti,24,bidir,-17.794,1,9.818,2026-04-20T16:42:33Z
E-n76-k10_a,roberti,24,bidir,-3.363,1,4.102,2026-04-20T16:42:33Z
E-n76-k10_b,roberti,24,bidir,-8.138,1,1.943,2026-04-20T16:42:33Z
E-n76-k14_a,roberti,24,bidir,-3.635,1,0.985,2026-04-20T16:42:33Z
E-n76-k14_b,roberti,24,bidir,-0.829,1,0.981,2026-04-20T16:42:33Z
E-n76-k7_a,roberti,24,bidir,-5.030,1,19.723,2026-04-20T16:42:33Z
E-n76-k7_b,roberti,24,bidir,-5.792,1,9.413,2026-04-20T16:42:33Z
E-n76-k8_a,roberti,24,bidir,-6.277,1,7.998,2026-04-20T16:42:33Z
E-n76-k8_b,roberti,24,bidir,-19.209,1,1.616,2026-04-20T16:42:33Z
F-n135-k7_a,roberti,24,bidir,,,,2026-04-20T16:42:33Z
F-n45-k4_a,roberti,24,bidir,-14.329,1,2.602,2026-04-20T16:42:33Z
F-n72-k4_a,roberti,24,bidir,0.000,0,66.801,2026-04-20T16:42:33Z
M-n121-k7_a,roberti,24,bidir,,,,2026-04-20T16:42:33Z
M-n121-k7_b,roberti,24,bidir,,,,2026-04-20T16:42:33Z
M-n151-k12_a,roberti,24,bidir,-5.982,1,118.256,2026-04-20T16:42:33Z
M-n151-k12_b,roberti,24,bidir,,,,2026-04-20T16:42:33Z
M-n200-k16_a,roberti,24,bidir,,,,2026-04-20T16:42:33Z
M-n200-k16_b,roberti,24,bidir,,,,2026-04-20T16:42:33Z
M-n200-k17_a,roberti,24,bidir,,,,2026-04-20T16:42:33Z
M-n200-k17_b,roberti,24,bidir,,,,2026-04-20T16:42:33Z
P-n101-k4_a,roberti,24,bidir,,,,2026-04-20T16:42:33Z
P-n101-k4_b,roberti,24,bidir,-12.777,1,38.847,2026-04-20T16:42:33Z
P-n70-k10_a,roberti,24,bidir,-3.328,1,1.325,2026-04-20T16:42:33Z
P-n70-k10_b,roberti,24,bidir,-1.707,1,1.223,2026-04-20T16:42:33Z
P-n76-k4_a,roberti,24,bidir,-2.325,1,66.908,2026-04-20T16:42:33Z
P-n76-k4_b,roberti,24,bidir,-13.164,1,13.970,2026-04-20T16:42:33Z
P-n76-k5_a,roberti,24,bidir,-3.499,1,34.445,2026-04-20T16:42:33Z
P-n76-k5_b,roberti,24,bidir,-13.640,1,9.536,2026-04-20T16:42:33Z
C101,ng24,24,bidir,0.000,0,0.057,2026-04-20T17:24:22Z
C102,ng24,24,bidir,-0.000,1,0.251,2026-04-20T17:24:22Z
C103,ng24,24,bidir,-0.000,1,0.568,2026-04-20T17:24:22Z
C104,ng24,24,bidir,-0.000,1,1.111,2026-04-20T17:24:22Z
C105,ng24,24,bidir,-0.000,1,0.123,2026-04-20T17:24:22Z
C106,ng24,24,bidir,0.000,0,0.139,2026-04-20T17:24:22Z
C107,ng24,24,bidir,-0.000,1,0.194,2026-04-20T17:24:22Z
C108,ng24,24,bidir,-0.000,1,0.164,2026-04-20T17:24:22Z
C109,ng24,24,bidir,-0.000,1,0.270,2026-04-20T17:24:22Z
C201,ng24,24,bidir,0.000,0,0.528,2026-04-20T17:24:22Z
C202,ng24,24,bidir,-0.000,1,9.429,2026-04-20T17:24:22Z
C203,ng24,24,bidir,-0.000,1,25.320,2026-04-20T17:24:22Z
C204,ng24,24,bidir,,,,2026-04-20T17:24:22Z
C205,ng24,24,bidir,-0.000,1,0.697,2026-04-20T17:24:22Z
C206,ng24,24,bidir,0.000,0,1.342,2026-04-20T17:24:22Z
C207,ng24,24,bidir,-0.000,1,2.142,2026-04-20T17:24:22Z
C208,ng24,24,bidir,-0.000,1,2.085,2026-04-20T17:24:22Z
R101,ng24,24,bidir,0.000,0,0.023,2026-04-20T17:24:22Z
R102,ng24,24,bidir,0.000,0,0.107,2026-04-20T17:24:22Z
R103,ng24,24,bidir,0.000,0,0.292,2026-04-20T17:24:22Z
R104,ng24,24,bidir,-0.000,1,1.275,2026-04-20T17:24:22Z
R105,ng24,24,bidir,-0.000,1,0.053,2026-04-20T17:24:22Z
R106,ng24,24,bidir,0.000,0,0.206,2026-04-20T17:24:22Z
R107,ng24,24,bidir,-0.000,1,0.505,2026-04-20T17:24:22Z
R108,ng24,24,bidir,0.000,0,1.464,2026-04-20T17:24:22Z
R109,ng24,24,bidir,-0.000,1,0.155,2026-04-20T17:24:22Z
R110,ng24,24,bidir,-0.000,1,0.390,2026-04-20T17:24:22Z
R111,ng24,24,bidir,-0.000,1,0.540,2026-04-20T17:24:22Z
R112,ng24,24,bidir,-0.000,1,1.045,2026-04-20T17:24:22Z
R201,ng24,24,bidir,-0.000,1,0.829,2026-04-20T17:24:22Z
R202,ng24,24,bidir,-0.000,1,8.155,2026-04-20T17:24:22Z
R203,ng24,24,bidir,-0.000,1,49.059,2026-04-20T17:24:22Z
R204,ng24,24,bidir,,,,2026-04-20T17:24:22Z
R205,ng24,24,bidir,-0.000,1,2.996,2026-04-20T17:24:22Z
R206,ng24,24,bidir,-0.000,1,20.810,2026-04-20T17:24:22Z
R207,ng24,24,bidir,-0.000,1,88.395,2026-04-20T17:24:22Z
R208,ng24,24,bidir,,,,2026-04-20T17:24:22Z
R209,ng24,24,bidir,-0.000,1,10.658,2026-04-20T17:24:22Z
R210,ng24,24,bidir,-0.000,1,17.765,2026-04-20T17:24:22Z
R211,ng24,24,bidir,-0.000,1,110.591,2026-04-20T17:24:22Z
RC101,ng24,24,bidir,-0.000,1,0.034,2026-04-20T17:24:22Z
RC102,ng24,24,bidir,-0.000,1,0.126,2026-04-20T17:24:22Z
RC103,ng24,24,bidir,-0.000,1,0.362,2026-04-20T17:24:22Z
RC104,ng24,24,bidir,-0.000,1,1.498,2026-04-20T17:24:22Z
RC105,ng24,24,bidir,-0.000,1,0.096,2026-04-20T17:24:22Z
RC106,ng24,24,bidir,-0.000,1,0.115,2026-04-20T17:24:22Z
RC107,ng24,24,bidir,-0.000,1,0.346,2026-04-20T17:24:22Z
RC108,ng24,24,bidir,-0.000,1,0.900,2026-04-20T17:24:22Z
RC201,ng24,24,bidir,-0.000,1,0.752,2026-04-20T17:24:22Z
RC202,ng24,24,bidir,-0.000,1,5.924,2026-04-20T17:24:22Z
RC203,ng24,24,bidir,-0.000,1,27.129,2026-04-20T17:24:22Z
RC204,ng24,24,bidir,,,,2026-04-20T17:24:22Z
RC205,ng24,24,bidir,-0.000,1,2.904,2026-04-20T17:24:22Z
RC206,ng24,24,bidir,0.000,0,2.698,2026-04-20T17:24:22Z
RC207,ng24,24,bidir,-0.000,1,11.589,2026-04-20T17:24:22Z
RC208,ng24,24,bidir,,,,2026-04-20T17:24:22Z
A-n54-k7-149,spprclib,8,para-bidir,-16865.000,1,0.070,2026-04-20T17:41:37Z
A-n60-k9-57,spprclib,8,para-bidir,-4946.000,1,0.075,2026-04-20T17:41:37Z
A-n61-k9-80,spprclib,8,para-bidir,-31439.000,1,0.063,2026-04-20T17:41:37Z
A-n62-k8-99,spprclib,8,para-bidir,-40044.000,1,0.089,2026-04-20T17:41:37Z
A-n63-k10-44,spprclib,8,para-bidir,-32561.000,1,0.073,2026-04-20T17:41:37Z
A-n63-k9-157,spprclib,8,para-bidir,-26580.000,1,0.073,2026-04-20T17:41:37Z
A-n64-k9-45,spprclib,8,para-bidir,-95391.000,1,0.081,2026-04-20T17:41:37Z
A-n65-k9-10,spprclib,8,para-bidir,-44002.000,1,0.073,2026-04-20T17:41:37Z
A-n69-k9-42,spprclib,8,para-bidir,-53483.000,1,0.062,2026-04-20T17:41:37Z
A-n80-k10-14,spprclib,8,para-bidir,-131683.000,1,0.444,2026-04-20T17:41:37Z
B-n45-k6-54,spprclib,8,para-bidir,-78279.000,1,0.207,2026-04-20T17:41:37Z
B-n50-k8-40,spprclib,8,para-bidir,-12832.000,1,0.088,2026-04-20T17:41:37Z
B-n52-k7-15,spprclib,8,para-bidir,-95331.000,1,0.100,2026-04-20T17:41:37Z
B-n57-k7-20,spprclib,8,para-bidir,-1740314.000,1,0.501,2026-04-20T17:41:37Z
B-n66-k9-50,spprclib,8,para-bidir,-29686.000,1,0.141,2026-04-20T17:41:37Z
B-n67-k10-26,spprclib,8,para-bidir,-21924.000,1,0.085,2026-04-20T17:41:37Z
B-n68-k9-65,spprclib,8,para-bidir,-54960.000,1,0.109,2026-04-20T17:41:37Z
B-n78-k10-70,spprclib,8,para-bidir,-61777.000,1,0.139,2026-04-20T17:41:37Z
E-n101-k14-158,spprclib,8,para-bidir,-3590.000,1,0.154,2026-04-20T17:41:37Z
E-n101-k8-291,spprclib,8,para-bidir,-4266.000,1,0.258,2026-04-20T17:41:37Z
E-n76-k10-72,spprclib,8,para-bidir,-26912.000,1,0.126,2026-04-20T17:41:37Z
E-n76-k14-102,spprclib,8,para-bidir,-2328.000,1,0.048,2026-04-20T17:41:37Z
E-n76-k15-40,spprclib,8,para-bidir,-2000.000,1,0.057,2026-04-20T17:41:37Z
E-n76-k7-44,spprclib,8,para-bidir,-23458.000,1,0.190,2026-04-20T17:41:37Z
G-n262-k25-316,spprclib,8,para-bidir,,,,2026-04-20T17:41:37Z
M-n101-k10-97,spprclib,8,para-bidir,-72756.000,1,0.193,2026-04-20T17:41:37Z
M-n121-k7-260,spprclib,8,para-bidir,-595522.000,1,9.518,2026-04-20T17:41:37Z
M-n151-k12-15,spprclib,8,para-bidir,-303013.000,1,7.375,2026-04-20T17:41:37Z
M-n200-k16-143,spprclib,8,para-bidir,-315556.000,1,16.066,2026-04-20T17:41:37Z
M-n200-k17-12,spprclib,8,para-bidir,-307711.000,1,10.488,2026-04-20T17:41:37Z
P-n101-k4-174,spprclib,8,para-bidir,-20508.000,1,1.672,2026-04-20T17:41:37Z
P-n50-k10-24,spprclib,8,para-bidir,-3190.000,1,0.015,2026-04-20T17:41:37Z
P-n50-k7-92,spprclib,8,para-bidir,-2413.000,1,0.018,2026-04-20T17:41:37Z
P-n50-k8-19,spprclib,8,para-bidir,-86268.000,1,0.129,2026-04-20T17:41:37Z
P-n51-k10-30,spprclib,8,para-bidir,-97.000,1,0.021,2026-04-20T17:41:37Z
P-n55-k10-44,spprclib,8,para-bidir,-1151.000,1,0.019,2026-04-20T17:41:37Z
P-n55-k15-88,spprclib,8,para-bidir,-5741.000,1,0.026,2026-04-20T17:41:37Z
P-n55-k7-116,spprclib,8,para-bidir,-19023.000,1,0.038,2026-04-20T17:41:37Z
P-n55-k8-260,spprclib,8,para-bidir,-3573.000,1,0.034,2026-04-20T17:41:37Z
P-n60-k10-24,spprclib,8,para-bidir,-15001.000,1,0.044,2026-04-20T17:41:37Z
P-n60-k15-8,spprclib,8,para-bidir,-1871.000,1,0.016,2026-04-20T17:41:37Z
P-n65-k10-102,spprclib,8,para-bidir,-2988.000,1,0.037,2026-04-20T17:41:37Z
P-n70-k10-12,spprclib,8,para-bidir,-70317.000,1,0.104,2026-04-20T17:41:37Z
P-n76-k4-41,spprclib,8,para-bidir,-194319.000,1,3.699,2026-04-20T17:41:37Z
P-n76-k5-16,spprclib,8,para-bidir,-155171.000,1,1.930,2026-04-20T17:41:37Z
E-n101-k14_a,roberti,8,para-bidir,-6.163,1,0.147,2026-04-20T17:41:37Z
E-n101-k14_b,roberti,8,para-bidir,-3.022,1,0.171,2026-04-20T17:41:37Z
E-n101-k8_a,roberti,8,para-bidir,-23.244,1,0.304,2026-04-20T17:41:37Z
E-n101-k8_b,roberti,8,para-bidir,-17.794,1,0.175,2026-04-20T17:41:37Z
E-n76-k10_a,roberti,8,para-bidir,-3.363,1,0.083,2026-04-20T17:41:37Z
E-n76-k10_b,roberti,8,para-bidir,-8.138,1,0.064,2026-04-20T17:41:37Z
E-n76-k14_a,roberti,8,para-bidir,-3.635,1,0.048,2026-04-20T17:41:37Z
E-n76-k14_b,roberti,8,para-bidir,-3.399,1,0.049,2026-04-20T17:41:37Z
E-n76-k7_a,roberti,8,para-bidir,-9.628,1,0.140,2026-04-20T17:41:37Z
E-n76-k7_b,roberti,8,para-bidir,-5.792,1,0.120,2026-04-20T17:41:37Z
E-n76-k8_a,roberti,8,para-bidir,-7.041,1,0.097,2026-04-20T17:41:37Z
E-n76-k8_b,roberti,8,para-bidir,-19.209,1,0.051,2026-04-20T17:41:37Z
F-n135-k7_a,roberti,8,para-bidir,-13.487,1,4.426,2026-04-20T17:41:37Z
F-n45-k4_a,roberti,8,para-bidir,-14.329,1,0.122,2026-04-20T17:41:37Z
F-n72-k4_a,roberti,8,para-bidir,0.000,0,9.621,2026-04-20T17:41:37Z
M-n121-k7_a,roberti,8,para-bidir,-52.685,1,2.252,2026-04-20T17:41:37Z
M-n121-k7_b,roberti,8,para-bidir,-8.532,1,2.298,2026-04-20T17:41:37Z
M-n151-k12_a,roberti,8,para-bidir,-8.503,1,0.683,2026-04-20T17:41:37Z
M-n151-k12_b,roberti,8,para-bidir,-3.509,1,0.658,2026-04-20T17:41:37Z
M-n200-k16_a,roberti,8,para-bidir,-4.393,1,1.770,2026-04-20T17:41:37Z
M-n200-k16_b,roberti,8,para-bidir,-1.638,1,1.654,2026-04-20T17:41:37Z
M-n200-k17_a,roberti,8,para-bidir,-5.176,1,1.327,2026-04-20T17:41:37Z
M-n200-k17_b,roberti,8,para-bidir,-2.101,1,1.358,2026-04-20T17:41:37Z
P-n101-k4_a,roberti,8,para-bidir,-7.474,1,0.493,2026-04-20T17:41:37Z
P-n101-k4_b,roberti,8,para-bidir,-12.777,1,0.281,2026-04-20T17:41:37Z
P-n70-k10_a,roberti,8,para-bidir,-3.328,1,0.047,2026-04-20T17:41:37Z
P-n70-k10_b,roberti,8,para-bidir,-2.635,1,0.036,2026-04-20T17:41:37Z
P-n76-k4_a,roberti,8,para-bidir,-2.540,1,0.191,2026-04-20T17:41:37Z
P-n76-k4_b,roberti,8,para-bidir,-13.164,1,0.107,2026-04-20T17:41:37Z
P-n76-k5_a,roberti,8,para-bidir,-4.316,1,0.154,2026-04-20T17:41:37Z
P-n76-k5_b,roberti,8,para-bidir,-13.640,1,0.091,2026-04-20T17:41:37Z
C101,ng8,8,para-bidir,-0.000,1,0.030,2026-04-20T17:45:05Z
C102,ng8,8,para-bidir,-0.000,1,0.216,2026-04-20T17:45:05Z
C103,ng8,8,para-bidir,-0.000,1,0.430,2026-04-20T17:45:05Z
C104,ng8,8,para-bidir,-0.000,1,0.766,2026-04-20T17:45:05Z
C105,ng8,8,para-bidir,-0.000,1,0.064,2026-04-20T17:45:05Z
C106,ng8,8,para-bidir,-0.000,1,0.081,2026-04-20T17:45:05Z
C107,ng8,8,para-bidir,0.000,0,0.104,2026-04-20T17:45:05Z
C108,ng8,8,para-bidir,-0.000,1,0.137,2026-04-20T17:45:05Z
C109,ng8,8,para-bidir,-0.000,1,0.243,2026-04-20T17:45:05Z
C201,ng8,8,para-bidir,0.000,0,0.252,2026-04-20T17:45:05Z
C202,ng8,8,para-bidir,0.000,0,6.152,2026-04-20T17:45:05Z
C203,ng8,8,para-bidir,0.000,0,18.337,2026-04-20T17:45:05Z
C204,ng8,8,para-bidir,-0.000,1,32.770,2026-04-20T17:45:05Z
C205,ng8,8,para-bidir,0.000,0,0.594,2026-04-20T17:45:05Z
C206,ng8,8,para-bidir,0.000,0,1.066,2026-04-20T17:45:05Z
C207,ng8,8,para-bidir,-0.000,1,1.723,2026-04-20T17:45:05Z
C208,ng8,8,para-bidir,-0.000,1,1.551,2026-04-20T17:45:05Z
R101,ng8,8,para-bidir,0.000,0,0.013,2026-04-20T17:45:05Z
R102,ng8,8,para-bidir,0.000,0,0.092,2026-04-20T17:45:05Z
R103,ng8,8,para-bidir,0.000,0,0.213,2026-04-20T17:45:05Z
R104,ng8,8,para-bidir,-0.000,1,0.504,2026-04-20T17:45:05Z
R105,ng8,8,para-bidir,-0.000,1,0.041,2026-04-20T17:45:05Z
R106,ng8,8,para-bidir,-0.000,1,0.158,2026-04-20T17:45:05Z
R107,ng8,8,para-bidir,-0.000,1,0.342,2026-04-20T17:45:05Z
R108,ng8,8,para-bidir,-0.000,1,0.660,2026-04-20T17:45:05Z
R109,ng8,8,para-bidir,-0.000,1,0.110,2026-04-20T17:45:05Z
R110,ng8,8,para-bidir,-0.000,1,0.256,2026-04-20T17:45:05Z
R111,ng8,8,para-bidir,-0.000,1,0.340,2026-04-20T17:45:05Z
R112,ng8,8,para-bidir,-0.000,1,0.557,2026-04-20T17:45:05Z
R201,ng8,8,para-bidir,0.000,0,0.756,2026-04-20T17:45:05Z
R202,ng8,8,para-bidir,-0.000,1,5.824,2026-04-20T17:45:05Z
R203,ng8,8,para-bidir,-0.000,1,18.185,2026-04-20T17:45:05Z
R204,ng8,8,para-bidir,-0.000,1,36.836,2026-04-20T17:45:05Z
R205,ng8,8,para-bidir,-0.000,1,2.311,2026-04-20T17:45:05Z
R206,ng8,8,para-bidir,-0.000,1,8.702,2026-04-20T17:45:05Z
R207,ng8,8,para-bidir,-0.000,1,21.086,2026-04-20T17:45:05Z
R208,ng8,8,para-bidir,-0.000,1,38.728,2026-04-20T17:45:05Z
R209,ng8,8,para-bidir,-0.000,1,5.875,2026-04-20T17:45:05Z
R210,ng8,8,para-bidir,-0.000,1,7.048,2026-04-20T17:45:05Z
R211,ng8,8,para-bidir,-0.000,1,12.799,2026-04-20T17:45:05Z
RC101,ng8,8,para-bidir,-0.000,1,0.027,2026-04-20T17:45:05Z
RC102,ng8,8,para-bidir,-0.000,1,0.101,2026-04-20T17:45:05Z
RC103,ng8,8,para-bidir,-0.000,1,0.258,2026-04-20T17:45:05Z
RC104,ng8,8,para-bidir,-0.000,1,0.624,2026-04-20T17:45:05Z
RC105,ng8,8,para-bidir,-0.000,1,0.069,2026-04-20T17:45:05Z
RC106,ng8,8,para-bidir,-0.000,1,0.079,2026-04-20T17:45:05Z
RC107,ng8,8,para-bidir,-0.000,1,0.239,2026-04-20T17:45:05Z
RC108,ng8,8,para-bidir,-0.000,1,0.457,2026-04-20T17:45:05Z
RC201,ng8,8,para-bidir,-0.000,1,0.691,2026-04-20T17:45:05Z
RC202,ng8,8,para-bidir,-0.000,1,4.274,2026-04-20T17:45:05Z
RC203,ng8,8,para-bidir,-0.000,1,16.368,2026-04-20T17:45:05Z
RC204,ng8,8,para-bidir,-0.000,1,43.706,2026-04-20T17:45:05Z
RC205,ng8,8,para-bidir,-0.000,1,2.050,2026-04-20T17:45:05Z
RC206,ng8,8,para-bidir,-0.000,1,2.021,2026-04-20T17:45:05Z
RC207,ng8,8,para-bidir,-0.000,1,4.708,2026-04-20T17:45:05Z
RC208,ng8,8,para-bidir,-0.000,1,15.192,2026-04-20T17:45:05Z
A-n54-k7-149,spprclib,16,para-bidir,-12492.000,1,0.564,2026-04-20T17:50:39Z
A-n60-k9-57,spprclib,16,para-bidir,-4946.000,1,0.440,2026-04-20T17:50:39Z
A-n61-k9-80,spprclib,16,para-bidir,-23923.000,1,0.349,2026-04-20T17:50:39Z
A-n62-k8-99,spprclib,16,para-bidir,-35969.000,1,0.824,2026-04-20T17:50:39Z
A-n63-k10-44,spprclib,16,para-bidir,-32561.000,1,0.208,2026-04-20T17:50:39Z
A-n63-k9-157,spprclib,16,para-bidir,-24189.000,1,0.195,2026-04-20T17:50:39Z
A-n64-k9-45,spprclib,16,para-bidir,-62798.000,1,0.303,2026-04-20T17:50:39Z
A-n65-k9-10,spprclib,16,para-bidir,-44002.000,1,0.331,2026-04-20T17:50:39Z
A-n69-k9-42,spprclib,16,para-bidir,-43290.000,1,0.263,2026-04-20T17:50:39Z
A-n80-k10-14,spprclib,16,para-bidir,-110765.000,1,1.839,2026-04-20T17:50:39Z
B-n45-k6-54,spprclib,16,para-bidir,-74771.000,1,0.967,2026-04-20T17:50:39Z
B-n50-k8-40,spprclib,16,para-bidir,-12832.000,1,1.084,2026-04-20T17:50:39Z
B-n52-k7-15,spprclib,16,para-bidir,-94664.000,1,0.389,2026-04-20T17:50:39Z
B-n57-k7-20,spprclib,16,para-bidir,-1740314.000,1,0.946,2026-04-20T17:50:39Z
B-n66-k9-50,spprclib,16,para-bidir,-27709.000,1,4.510,2026-04-20T17:50:39Z
B-n67-k10-26,spprclib,16,para-bidir,-21924.000,1,0.488,2026-04-20T17:50:39Z
B-n68-k9-65,spprclib,16,para-bidir,-36998.000,1,1.069,2026-04-20T17:50:39Z
B-n78-k10-70,spprclib,16,para-bidir,-52444.000,1,0.734,2026-04-20T17:50:39Z
E-n101-k14-158,spprclib,16,para-bidir,-3590.000,1,1.127,2026-04-20T17:50:39Z
E-n101-k8-291,spprclib,16,para-bidir,-4266.000,1,0.942,2026-04-20T17:50:39Z
E-n76-k10-72,spprclib,16,para-bidir,-25241.000,1,0.974,2026-04-20T17:50:39Z
E-n76-k14-102,spprclib,16,para-bidir,-1.000,1,0.231,2026-04-20T17:50:39Z
E-n76-k15-40,spprclib,16,para-bidir,-1.000,1,0.187,2026-04-20T17:50:39Z
E-n76-k7-44,spprclib,16,para-bidir,-23458.000,1,1.186,2026-04-20T17:50:39Z
G-n262-k25-316,spprclib,16,para-bidir,,,,2026-04-20T17:50:39Z
M-n101-k10-97,spprclib,16,para-bidir,-49453.000,1,0.514,2026-04-20T17:50:39Z
M-n121-k7-260,spprclib,16,para-bidir,-388360.000,1,94.732,2026-04-20T17:50:39Z
M-n151-k12-15,spprclib,16,para-bidir,-102676.000,1,28.808,2026-04-20T17:50:39Z
M-n200-k16-143,spprclib,16,para-bidir,-228450.000,1,19.852,2026-04-20T17:50:39Z
M-n200-k17-12,spprclib,16,para-bidir,-220859.000,1,27.264,2026-04-20T17:50:39Z
P-n101-k4-174,spprclib,16,para-bidir,-19847.000,1,13.195,2026-04-20T17:50:39Z
P-n50-k10-24,spprclib,16,para-bidir,-2965.000,1,0.029,2026-04-20T17:50:39Z
P-n50-k7-92,spprclib,16,para-bidir,-2.000,1,0.045,2026-04-20T17:50:39Z
P-n50-k8-19,spprclib,16,para-bidir,-86268.000,1,0.358,2026-04-20T17:50:39Z
P-n51-k10-30,spprclib,16,para-bidir,-2.000,1,0.071,2026-04-20T17:50:39Z
P-n55-k10-44,spprclib,16,para-bidir,-1090.000,1,0.044,2026-04-20T17:50:39Z
P-n55-k15-88,spprclib,16,para-bidir,-2.000,1,0.067,2026-04-20T17:50:39Z
P-n55-k7-116,spprclib,16,para-bidir,-17824.000,1,0.162,2026-04-20T17:50:39Z
P-n55-k8-260,spprclib,16,para-bidir,-3573.000,1,0.144,2026-04-20T17:50:39Z
P-n60-k10-24,spprclib,16,para-bidir,-15001.000,1,0.141,2026-04-20T17:50:39Z
P-n60-k15-8,spprclib,16,para-bidir,-534.000,1,0.027,2026-04-20T17:50:39Z
P-n65-k10-102,spprclib,16,para-bidir,-3.000,1,0.074,2026-04-20T17:50:39Z
P-n70-k10-12,spprclib,16,para-bidir,-70317.000,1,0.271,2026-04-20T17:50:39Z
P-n76-k4-41,spprclib,16,para-bidir,-95688.000,1,99.852,2026-04-20T17:50:39Z
P-n76-k5-16,spprclib,16,para-bidir,-113807.000,1,14.750,2026-04-20T17:50:39Z
E-n101-k14_a,roberti,16,para-bidir,-6.163,1,0.885,2026-04-20T17:50:39Z
E-n101-k14_b,roberti,16,para-bidir,-0.913,1,0.868,2026-04-20T17:50:39Z
E-n101-k8_a,roberti,16,para-bidir,-20.713,1,1.890,2026-04-20T17:50:39Z
E-n101-k8_b,roberti,16,para-bidir,-17.794,1,1.013,2026-04-20T17:50:39Z
E-n76-k10_a,roberti,16,para-bidir,-3.363,1,0.586,2026-04-20T17:50:39Z
E-n76-k10_b,roberti,16,para-bidir,-8.138,1,0.287,2026-04-20T17:50:39Z
E-n76-k14_a,roberti,16,para-bidir,-3.635,1,0.217,2026-04-20T17:50:39Z
E-n76-k14_b,roberti,16,para-bidir,-0.829,1,0.227,2026-04-20T17:50:39Z
E-n76-k7_a,roberti,16,para-bidir,-7.012,1,1.276,2026-04-20T17:50:39Z
E-n76-k7_b,roberti,16,para-bidir,-5.792,1,0.622,2026-04-20T17:50:39Z
E-n76-k8_a,roberti,16,para-bidir,-6.277,1,0.645,2026-04-20T17:50:39Z
E-n76-k8_b,roberti,16,para-bidir,-19.209,1,0.183,2026-04-20T17:50:39Z
F-n135-k7_a,roberti,16,para-bidir,,,,2026-04-20T17:50:39Z
F-n45-k4_a,roberti,16,para-bidir,-14.329,1,0.246,2026-04-20T17:50:39Z
F-n72-k4_a,roberti,16,para-bidir,0.000,0,16.377,2026-04-20T17:50:39Z
M-n121-k7_a,roberti,16,para-bidir,,,,2026-04-20T17:50:39Z
M-n121-k7_b,roberti,16,para-bidir,,,,2026-04-20T17:50:39Z
M-n151-k12_a,roberti,16,para-bidir,-5.982,1,6.546,2026-04-20T17:50:39Z
M-n151-k12_b,roberti,16,para-bidir,-3.509,1,5.961,2026-04-20T17:50:39Z
M-n200-k16_a,roberti,16,para-bidir,-4.122,1,37.024,2026-04-20T17:50:39Z
M-n200-k16_b,roberti,16,para-bidir,-1.638,1,18.369,2026-04-20T17:50:39Z
M-n200-k17_a,roberti,16,para-bidir,-5.176,1,12.984,2026-04-20T17:50:39Z
M-n200-k17_b,roberti,16,para-bidir,-2.101,1,14.128,2026-04-20T17:50:39Z
P-n101-k4_a,roberti,16,para-bidir,-6.601,1,5.613,2026-04-20T17:50:39Z
P-n101-k4_b,roberti,16,para-bidir,-12.777,1,1.686,2026-04-20T17:50:39Z
P-n70-k10_a,roberti,16,para-bidir,-3.328,1,0.145,2026-04-20T17:50:39Z
P-n70-k10_b,roberti,16,para-bidir,-1.707,1,0.132,2026-04-20T17:50:39Z
P-n76-k4_a,roberti,16,para-bidir,-2.540,1,2.217,2026-04-20T17:50:39Z
P-n76-k4_b,roberti,16,para-bidir,-13.164,1,0.703,2026-04-20T17:50:39Z
P-n76-k5_a,roberti,16,para-bidir,-3.499,1,1.693,2026-04-20T17:50:39Z
P-n76-k5_b,roberti,16,para-bidir,-13.640,1,0.583,2026-04-20T17:50:39Z
C101,ng16,16,para-bidir,0.000,0,0.030,2026-04-20T18:06:23Z
C102,ng16,16,para-bidir,-0.000,1,0.224,2026-04-20T18:06:23Z
C103,ng16,16,para-bidir,-0.000,1,0.485,2026-04-20T18:06:23Z
C104,ng16,16,para-bidir,-0.000,1,0.997,2026-04-20T18:06:23Z
C105,ng16,16,para-bidir,0.000,0,0.069,2026-04-20T18:06:23Z
C106,ng16,16,para-bidir,0.000,0,0.102,2026-04-20T18:06:23Z
C107,ng16,16,para-bidir,0.000,0,0.129,2026-04-20T18:06:23Z
C108,ng16,16,para-bidir,-0.000,1,0.144,2026-04-20T18:06:23Z
C109,ng16,16,para-bidir,-0.000,1,0.258,2026-04-20T18:06:23Z
C201,ng16,16,para-bidir,0.000,0,0.285,2026-04-20T18:06:23Z
C202,ng16,16,para-bidir,0.000,0,6.771,2026-04-20T18:06:23Z
C203,ng16,16,para-bidir,0.000,0,21.223,2026-04-20T18:06:23Z
C204,ng16,16,para-bidir,-0.000,1,40.710,2026-04-20T18:06:23Z
C205,ng16,16,para-bidir,0.000,0,0.625,2026-04-20T18:06:23Z
C206,ng16,16,para-bidir,0.000,0,1.081,2026-04-20T18:06:23Z
C207,ng16,16,para-bidir,-0.000,1,1.818,2026-04-20T18:06:23Z
C208,ng16,16,para-bidir,-0.000,1,1.586,2026-04-20T18:06:23Z
R101,ng16,16,para-bidir,0.000,0,0.013,2026-04-20T18:06:23Z
R102,ng16,16,para-bidir,0.000,0,0.120,2026-04-20T18:06:23Z
R103,ng16,16,para-bidir,0.000,0,0.223,2026-04-20T18:06:23Z
R104,ng16,16,para-bidir,-0.000,1,0.677,2026-04-20T18:06:23Z
R105,ng16,16,para-bidir,-0.000,1,0.054,2026-04-20T18:06:23Z
R106,ng16,16,para-bidir,-0.000,1,0.167,2026-04-20T18:06:23Z
R107,ng16,16,para-bidir,-0.000,1,0.381,2026-04-20T18:06:23Z
R108,ng16,16,para-bidir,-0.000,1,0.721,2026-04-20T18:06:23Z
R109,ng16,16,para-bidir,-0.000,1,0.128,2026-04-20T18:06:23Z
R110,ng16,16,para-bidir,-0.000,1,0.267,2026-04-20T18:06:23Z
R111,ng16,16,para-bidir,-0.000,1,0.353,2026-04-20T18:06:23Z
R112,ng16,16,para-bidir,-0.000,1,0.614,2026-04-20T18:06:23Z
R201,ng16,16,para-bidir,0.000,0,0.764,2026-04-20T18:06:23Z
R202,ng16,16,para-bidir,-0.000,1,5.887,2026-04-20T18:06:23Z
R203,ng16,16,para-bidir,-0.000,1,20.430,2026-04-20T18:06:23Z
R204,ng16,16,para-bidir,-0.000,1,58.642,2026-04-20T18:06:23Z
R205,ng16,16,para-bidir,-0.000,1,2.549,2026-04-20T18:06:23Z
R206,ng16,16,para-bidir,-0.000,1,11.368,2026-04-20T18:06:23Z
R207,ng16,16,para-bidir,-0.000,1,30.924,2026-04-20T18:06:23Z
R208,ng16,16,para-bidir,-0.000,1,65.715,2026-04-20T18:06:23Z
R209,ng16,16,para-bidir,-0.000,1,7.105,2026-04-20T18:06:23Z
R210,ng16,16,para-bidir,-0.000,1,9.085,2026-04-20T18:06:23Z
R211,ng16,16,para-bidir,-0.000,1,24.415,2026-04-20T18:06:23Z
RC101,ng16,16,para-bidir,-0.000,1,0.029,2026-04-20T18:06:23Z
RC102,ng16,16,para-bidir,-0.000,1,0.095,2026-04-20T18:06:23Z
RC103,ng16,16,para-bidir,-0.000,1,0.263,2026-04-20T18:06:23Z
RC104,ng16,16,para-bidir,-0.000,1,0.836,2026-04-20T18:06:23Z
RC105,ng16,16,para-bidir,-0.000,1,0.087,2026-04-20T18:06:23Z
RC106,ng16,16,para-bidir,-0.000,1,0.084,2026-04-20T18:06:23Z
RC107,ng16,16,para-bidir,-0.000,1,0.233,2026-04-20T18:06:23Z
RC108,ng16,16,para-bidir,-0.000,1,0.497,2026-04-20T18:06:23Z
RC201,ng16,16,para-bidir,0.000,0,0.688,2026-04-20T18:06:23Z
RC202,ng16,16,para-bidir,-0.000,1,4.631,2026-04-20T18:06:23Z
RC203,ng16,16,para-bidir,-0.000,1,20.048,2026-04-20T18:06:23Z
RC204,ng16,16,para-bidir,-0.000,1,62.984,2026-04-20T18:06:23Z
RC205,ng16,16,para-bidir,-0.000,1,2.177,2026-04-20T18:06:23Z
RC206,ng16,16,para-bidir,-0.000,1,2.290,2026-04-20T18:06:23Z
RC207,ng16,16,para-bidir,-0.000,1,6.841,2026-04-20T18:06:23Z
RC208,ng16,16,para-bidir,-0.000,1,95.024,2026-04-20T18:06:23Z
A-n54-k7-149,spprclib,24,para-bidir,-12492.000,1,3.843,2026-04-20T18:15:17Z
A-n60-k9-57,spprclib,24,para-bidir,-1000.000,1,5.068,2026-04-20T18:15:17Z
A-n61-k9-80,spprclib,24,para-bidir,-23549.000,1,3.267,2026-04-20T18:15:17Z
A-n62-k8-99,spprclib,24,para-bidir,-35969.000,1,17.320,2026-04-20T18:15:17Z
A-n63-k10-44,spprclib,24,para-bidir,-32561.000,1,0.877,2026-04-20T18:15:17Z
A-n63-k9-157,spprclib,24,para-bidir,-24189.000,1,0.954,2026-04-20T18:15:17Z
A-n64-k9-45,spprclib,24,para-bidir,-60355.000,1,0.876,2026-04-20T18:15:17Z
A-n65-k9-10,spprclib,24,para-bidir,-44002.000,1,1.671,2026-04-20T18:15:17Z
A-n69-k9-42,spprclib,24,para-bidir,-43290.000,1,1.109,2026-04-20T18:15:17Z
A-n80-k10-14,spprclib,24,para-bidir,-105283.000,1,6.730,2026-04-20T18:15:17Z
B-n45-k6-54,spprclib,24,para-bidir,-74771.000,1,3.302,2026-04-20T18:15:17Z
B-n50-k8-40,spprclib,24,para-bidir,-12832.000,1,10.707,2026-04-20T18:15:17Z
B-n52-k7-15,spprclib,24,para-bidir,-74998.000,1,7.764,2026-04-20T18:15:17Z
B-n57-k7-20,spprclib,24,para-bidir,-1740314.000,1,1.219,2026-04-20T18:15:17Z
B-n66-k9-50,spprclib,24,para-bidir,-27709.000,1,18.917,2026-04-20T18:15:17Z
B-n67-k10-26,spprclib,24,para-bidir,-21924.000,1,4.354,2026-04-20T18:15:17Z
B-n68-k9-65,spprclib,24,para-bidir,-31001.000,1,11.922,2026-04-20T18:15:17Z
B-n78-k10-70,spprclib,24,para-bidir,-45444.000,1,93.311,2026-04-20T18:15:17Z
E-n101-k14-158,spprclib,24,para-bidir,-3590.000,1,7.187,2026-04-20T18:15:17Z
E-n101-k8-291,spprclib,24,para-bidir,-4266.000,1,7.128,2026-04-20T18:15:17Z
E-n76-k10-72,spprclib,24,para-bidir,-25241.000,1,8.551,2026-04-20T18:15:17Z
E-n76-k14-102,spprclib,24,para-bidir,-1.000,1,1.407,2026-04-20T18:15:17Z
E-n76-k15-40,spprclib,24,para-bidir,-1.000,1,1.055,2026-04-20T18:15:17Z
E-n76-k7-44,spprclib,24,para-bidir,-22214.000,1,20.326,2026-04-20T18:15:17Z
G-n262-k25-316,spprclib,24,para-bidir,,,,2026-04-20T18:15:17Z
M-n101-k10-97,spprclib,24,para-bidir,-43824.000,1,2.826,2026-04-20T18:15:17Z
M-n121-k7-260,spprclib,24,para-bidir,,,,2026-04-20T18:15:17Z
M-n151-k12-15,spprclib,24,para-bidir,-95352.000,1,99.659,2026-04-20T18:15:17Z
M-n200-k16-143,spprclib,24,para-bidir,-208667.000,1,48.872,2026-04-20T18:15:17Z
M-n200-k17-12,spprclib,24,para-bidir,-214696.000,1,34.516,2026-04-20T18:15:17Z
P-n101-k4-174,spprclib,24,para-bidir,,,,2026-04-20T18:15:17Z
P-n50-k10-24,spprclib,24,para-bidir,-2965.000,1,0.040,2026-04-20T18:15:17Z
P-n50-k7-92,spprclib,24,para-bidir,-2.000,1,0.087,2026-04-20T18:15:17Z
P-n50-k8-19,spprclib,24,para-bidir,-83307.000,1,1.201,2026-04-20T18:15:17Z
P-n51-k10-30,spprclib,24,para-bidir,-2.000,1,0.168,2026-04-20T18:15:17Z
P-n55-k10-44,spprclib,24,para-bidir,-1090.000,1,0.060,2026-04-20T18:15:17Z
P-n55-k15-88,spprclib,24,para-bidir,-2.000,1,0.172,2026-04-20T18:15:17Z
P-n55-k7-116,spprclib,24,para-bidir,-17824.000,1,0.400,2026-04-20T18:15:17Z
P-n55-k8-260,spprclib,24,para-bidir,-3573.000,1,0.414,2026-04-20T18:15:17Z
P-n60-k10-24,spprclib,24,para-bidir,-15001.000,1,0.444,2026-04-20T18:15:17Z
P-n60-k15-8,spprclib,24,para-bidir,-534.000,1,0.038,2026-04-20T18:15:17Z
P-n65-k10-102,spprclib,24,para-bidir,-3.000,1,0.150,2026-04-20T18:15:17Z
P-n70-k10-12,spprclib,24,para-bidir,-70317.000,1,0.811,2026-04-20T18:15:17Z
P-n76-k4-41,spprclib,24,para-bidir,,,,2026-04-20T18:15:17Z
P-n76-k5-16,spprclib,24,para-bidir,-110205.000,1,82.645,2026-04-20T18:15:17Z
E-n101-k14_a,roberti,24,para-bidir,-5.859,1,6.774,2026-04-20T18:15:17Z
E-n101-k14_b,roberti,24,para-bidir,-0.913,1,5.655,2026-04-20T18:15:17Z
E-n101-k8_a,roberti,24,para-bidir,-20.713,1,27.246,2026-04-20T18:15:17Z
E-n101-k8_b,roberti,24,para-bidir,-17.794,1,7.708,2026-04-20T18:15:17Z
E-n76-k10_a,roberti,24,para-bidir,-3.363,1,3.713,2026-04-20T18:15:17Z
E-n76-k10_b,roberti,24,para-bidir,-8.138,1,1.159,2026-04-20T18:15:17Z
E-n76-k14_a,roberti,24,para-bidir,-3.635,1,0.797,2026-04-20T18:15:17Z
E-n76-k14_b,roberti,24,para-bidir,-0.829,1,0.887,2026-04-20T18:15:17Z
E-n76-k7_a,roberti,24,para-bidir,-5.030,1,14.896,2026-04-20T18:15:17Z
E-n76-k7_b,roberti,24,para-bidir,-5.792,1,3.791,2026-04-20T18:15:17Z
E-n76-k8_a,roberti,24,para-bidir,-6.277,1,4.213,2026-04-20T18:15:17Z
E-n76-k8_b,roberti,24,para-bidir,-19.209,1,0.507,2026-04-20T18:15:17Z
F-n135-k7_a,roberti,24,para-bidir,,,,2026-04-20T18:15:17Z
F-n45-k4_a,roberti,24,para-bidir,-14.329,1,1.799,2026-04-20T18:15:17Z
F-n72-k4_a,roberti,24,para-bidir,0.000,0,37.699,2026-04-20T18:15:17Z
M-n121-k7_a,roberti,24,para-bidir,,,,2026-04-20T18:15:17Z
M-n121-k7_b,roberti,24,para-bidir,,,,2026-04-20T18:15:17Z
M-n151-k12_a,roberti,24,para-bidir,-5.982,1,100.352,2026-04-20T18:15:17Z
M-n151-k12_b,roberti,24,para-bidir,-3.509,1,108.797,2026-04-20T18:15:17Z
M-n200-k16_a,roberti,24,para-bidir,,,,2026-04-20T18:15:17Z
M-n200-k16_b,roberti,24,para-bidir,,,,2026-04-20T18:15:17Z
M-n200-k17_a,roberti,24,para-bidir,,,,2026-04-20T18:15:17Z
M-n200-k17_b,roberti,24,para-bidir,,,,2026-04-20T18:15:17Z
P-n101-k4_a,roberti,24,para-bidir,,,,2026-04-20T18:15:17Z
P-n101-k4_b,roberti,24,para-bidir,-12.777,1,23.334,2026-04-20T18:15:17Z
P-n70-k10_a,roberti,24,para-bidir,-3.328,1,0.411,2026-04-20T18:15:17Z
P-n70-k10_b,roberti,24,para-bidir,-1.707,1,0.310,2026-04-20T18:15:17Z
P-n76-k4_a,roberti,24,para-bidir,-2.325,1,34.169,2026-04-20T18:15:17Z
P-n76-k4_b,roberti,24,para-bidir,-13.164,1,11.203,2026-04-20T18:15:17Z
P-n76-k5_a,roberti,24,para-bidir,-3.499,1,21.852,2026-04-20T18:15:17Z
P-n76-k5_b,roberti,24,para-bidir,-13.640,1,5.879,2026-04-20T18:15:17Z
C101,ng24,24,para-bidir,0.000,0,0.029,2026-04-20T18:52:50Z
C102,ng24,24,para-bidir,-0.000,1,0.203,2026-04-20T18:52:50Z
C103,ng24,24,para-bidir,-0.000,1,0.429,2026-04-20T18:52:50Z
C104,ng24,24,para-bidir,-0.000,1,0.827,2026-04-20T18:52:50Z
C105,ng24,24,para-bidir,-0.000,1,0.061,2026-04-20T18:52:50Z
C106,ng24,24,para-bidir,0.000,0,0.076,2026-04-20T18:52:50Z
C107,ng24,24,para-bidir,-0.000,1,0.119,2026-04-20T18:52:50Z
C108,ng24,24,para-bidir,-0.000,1,0.162,2026-04-20T18:52:50Z
C109,ng24,24,para-bidir,-0.000,1,0.239,2026-04-20T18:52:50Z
C201,ng24,24,para-bidir,0.000,0,0.265,2026-04-20T18:52:50Z
C202,ng24,24,para-bidir,-0.000,1,6.893,2026-04-20T18:52:50Z
C203,ng24,24,para-bidir,-0.000,1,18.585,2026-04-20T18:52:50Z
C204,ng24,24,para-bidir,-154.001,1,94.280,2026-04-20T18:52:50Z
C205,ng24,24,para-bidir,-0.000,1,0.588,2026-04-20T18:52:50Z
C206,ng24,24,para-bidir,0.000,0,1.061,2026-04-20T18:52:50Z
C207,ng24,24,para-bidir,-0.000,1,1.673,2026-04-20T18:52:50Z
C208,ng24,24,para-bidir,-0.000,1,1.542,2026-04-20T18:52:50Z
R101,ng24,24,para-bidir,0.000,0,0.013,2026-04-20T18:52:50Z
R102,ng24,24,para-bidir,0.000,0,0.094,2026-04-20T18:52:50Z
R103,ng24,24,para-bidir,0.000,0,0.209,2026-04-20T18:52:50Z
R104,ng24,24,para-bidir,-0.000,1,0.634,2026-04-20T18:52:50Z
R105,ng24,24,para-bidir,-0.000,1,0.095,2026-04-20T18:52:50Z
R106,ng24,24,para-bidir,0.000,0,0.149,2026-04-20T18:52:50Z
R107,ng24,24,para-bidir,-0.000,1,0.359,2026-04-20T18:52:50Z
R108,ng24,24,para-bidir,0.000,0,0.775,2026-04-20T18:52:50Z
R109,ng24,24,para-bidir,-0.000,1,0.124,2026-04-20T18:52:50Z
R110,ng24,24,para-bidir,-0.000,1,0.241,2026-04-20T18:52:50Z
R111,ng24,24,para-bidir,-0.000,1,0.343,2026-04-20T18:52:50Z
R112,ng24,24,para-bidir,-0.000,1,0.622,2026-04-20T18:52:50Z
R201,ng24,24,para-bidir,-0.000,1,0.741,2026-04-20T18:52:50Z
R202,ng24,24,para-bidir,-0.000,1,5.891,2026-04-20T18:52:50Z
R203,ng24,24,para-bidir,-0.000,1,35.266,2026-04-20T18:52:50Z
R204,ng24,24,para-bidir,,,,2026-04-20T18:52:50Z
R205,ng24,24,para-bidir,-0.000,1,2.322,2026-04-20T18:52:50Z
R206,ng24,24,para-bidir,-0.000,1,13.912,2026-04-20T18:52:50Z
R207,ng24,24,para-bidir,-0.000,1,65.506,2026-04-20T18:52:50Z
R208,ng24,24,para-bidir,,,,2026-04-20T18:52:50Z
R209,ng24,24,para-bidir,-0.000,1,7.617,2026-04-20T18:52:50Z
R210,ng24,24,para-bidir,-0.000,1,12.401,2026-04-20T18:52:50Z
R211,ng24,24,para-bidir,-0.000,1,73.826,2026-04-20T18:52:50Z
RC101,ng24,24,para-bidir,-0.000,1,0.026,2026-04-20T18:52:50Z
RC102,ng24,24,para-bidir,-0.000,1,0.110,2026-04-20T18:52:50Z
RC103,ng24,24,para-bidir,-0.000,1,0.250,2026-04-20T18:52:50Z
RC104,ng24,24,para-bidir,-0.000,1,0.833,2026-04-20T18:52:50Z
RC105,ng24,24,para-bidir,-0.000,1,0.079,2026-04-20T18:52:50Z
RC106,ng24,24,para-bidir,-0.000,1,0.090,2026-04-20T18:52:50Z
RC107,ng24,24,para-bidir,-0.000,1,0.220,2026-04-20T18:52:50Z
RC108,ng24,24,para-bidir,-0.000,1,0.520,2026-04-20T18:52:50Z
RC201,ng24,24,para-bidir,-0.000,1,0.664,2026-04-20T18:52:50Z
RC202,ng24,24,para-bidir,-0.000,1,4.262,2026-04-20T18:52:50Z
RC203,ng24,24,para-bidir,-0.000,1,18.802,2026-04-20T18:52:50Z
RC204,ng24,24,para-bidir,,,,2026-04-20T18:52:50Z
RC205,ng24,24,para-bidir,-0.000,1,2.037,2026-04-20T18:52:50Z
RC206,ng24,24,para-bidir,0.000,0,2.152,2026-04-20T18:52:50Z
RC207,ng24,24,para-bidir,-0.000,1,8.319,2026-04-20T18:52:50Z
RC208,ng24,24,para-bidir,,,,2026-04-20T18:52:50Z
